Stage,TaskCount,Seed,Makespan,LoadBalanceRatio
V1_CBO_orig,200,43,51.3728,0.9081
V2_addLevy,200,43,41.0193,0.6843
V3_addDynW,200,43,50.3022,0.7762
V4_addStaged,200,43,63.6424,0.7125
V5_addLS,200,43,28.9740,0.3584
V1_CBO_orig,200,44,79.7969,0.9424
V2_addLevy,200,44,46.8548,0.7026
V3_addDynW,200,44,50.4736,0.7771
V4_addStaged,200,44,65.8814,0.7836
V5_addLS,200,44,42.8363,0.6741
V1_CBO_orig,200,45,61.4179,0.8427
V2_addLevy,200,45,45.7412,0.6889
V3_addDynW,200,45,43.6410,0.6733
V4_addStaged,200,45,67.0896,0.8479
V5_addLS,200,45,26.8820,0.4015
V1_CBO_orig,200,46,83.2542,0.9290
V2_addLevy,200,46,68.3243,0.8655
V3_addDynW,200,46,46.5371,0.4843
V4_addStaged,200,46,87.6223,0.8625
V5_addLS,200,46,32.0851,0.3836
V1_CBO_orig,200,47,56.4766,0.8244
V2_addLevy,200,47,50.8902,0.7824
V3_addDynW,200,47,52.1732,0.8487
V4_addStaged,200,47,70.3195,0.8085
V5_addLS,200,47,17.6690,0.0792
V1_CBO_orig,200,48,58.6241,0.7811
V2_addLevy,200,48,51.9083,0.7522
V3_addDynW,200,48,36.8300,0.6130
V4_addStaged,200,48,62.2437,0.7218
V5_addLS,200,48,34.9797,0.4465
V1_CBO_orig,200,49,43.2290,1.0009
V2_addLevy,200,49,44.7493,0.7801
V3_addDynW,200,49,40.6454,0.6729
V4_addStaged,200,49,65.0488,0.7911
V5_addLS,200,49,42.3397,0.5560
V1_CBO_orig,200,50,66.0654,0.8643
V2_addLevy,200,50,51.1461,0.7089
V3_addDynW,200,50,65.6241,0.7975
V4_addStaged,200,50,90.9972,0.9634
V5_addLS,200,50,28.7825,0.3881
V1_CBO_orig,200,51,58.1933,0.7716
V2_addLevy,200,51,50.9085,0.8275
V3_addDynW,200,51,48.6634,0.6980
V4_addStaged,200,51,67.8287,0.7628
V5_addLS,200,51,19.0013,0.0892
V1_CBO_orig,200,52,78.1176,1.1086
V2_addLevy,200,52,62.5592,0.8318
V3_addDynW,200,52,80.7113,0.8332
V4_addStaged,200,52,100.4920,0.9522
V5_addLS,200,52,25.4099,0.2167
V1_CBO_orig,200,53,65.8872,0.8820
V2_addLevy,200,53,53.3967,0.7588
V3_addDynW,200,53,44.0555,0.5795
V4_addStaged,200,53,64.4081,0.7197
V5_addLS,200,53,64.4081,0.7197
V1_CBO_orig,200,54,59.0060,0.7317
V2_addLevy,200,54,47.4465,0.6589
V3_addDynW,200,54,49.8488,0.7174
V4_addStaged,200,54,63.6105,0.7609
V5_addLS,200,54,33.8047,0.4380
V1_CBO_orig,200,55,52.0616,0.6508
V2_addLevy,200,55,49.2911,0.6263
V3_addDynW,200,55,50.5568,0.6014
V4_addStaged,200,55,67.5016,0.7077
V5_addLS,200,55,34.2689,0.3632
V1_CBO_orig,200,56,60.2176,0.6657
V2_addLevy,200,56,51.0945,0.7126
V3_addDynW,200,56,47.5891,0.6366
V4_addStaged,200,56,69.1713,0.8576
V5_addLS,200,56,23.0209,0.2420
V1_CBO_orig,200,57,87.1222,1.0650
V2_addLevy,200,57,61.4765,0.8101
V3_addDynW,200,57,60.2866,0.8211
V4_addStaged,200,57,63.3727,0.7456
V5_addLS,200,57,24.0275,0.2110
V1_CBO_orig,200,58,60.4195,0.7891
V2_addLevy,200,58,47.5074,0.6517
V3_addDynW,200,58,51.2739,0.7483
V4_addStaged,200,58,63.6208,0.7564
V5_addLS,200,58,18.9007,0.0875
V1_CBO_orig,200,59,59.8044,1.0100
V2_addLevy,200,59,42.8232,0.8230
V3_addDynW,200,59,41.6163,0.6091
V4_addStaged,200,59,52.4239,0.7249
V5_addLS,200,59,22.0211,0.2120
V1_CBO_orig,200,60,40.4713,0.6344
V2_addLevy,200,60,36.1155,0.5673
V3_addDynW,200,60,38.1541,0.7171
V4_addStaged,200,60,49.5732,0.6749
V5_addLS,200,60,20.0651,0.2178
V1_CBO_orig,200,61,84.8268,0.9005
V2_addLevy,200,61,72.8389,0.7920
V3_addDynW,200,61,68.1107,0.7090
V4_addStaged,200,61,73.4687,0.6709
V5_addLS,200,61,43.5682,0.4316
V1_CBO_orig,200,62,36.5386,0.6266
V2_addLevy,200,62,28.9001,0.5014
V3_addDynW,200,62,30.5503,0.5723
V4_addStaged,200,62,30.6798,0.5333
V5_addLS,200,62,19.2281,0.2190
V1_CBO_orig,200,63,161.2235,1.1185
V2_addLevy,200,63,94.6353,0.8761
V3_addDynW,200,63,108.2603,0.9152
V4_addStaged,200,63,148.2055,1.1083
V5_addLS,200,63,39.4700,0.3364
V1_CBO_orig,200,64,60.5181,0.6449
V2_addLevy,200,64,60.5064,0.6244
V3_addDynW,200,64,62.2309,0.6199
V4_addStaged,200,64,71.1787,0.7280
V5_addLS,200,64,30.6531,0.2012
V1_CBO_orig,200,65,65.1230,0.8563
V2_addLevy,200,65,63.1015,0.7771
V3_addDynW,200,65,62.4020,0.7848
V4_addStaged,200,65,78.1768,0.7863
V5_addLS,200,65,31.5818,0.3938
V1_CBO_orig,200,66,66.3215,1.1948
V2_addLevy,200,66,47.4871,0.6941
V3_addDynW,200,66,50.7313,0.6994
V4_addStaged,200,66,61.1843,0.7042
V5_addLS,200,66,42.0973,0.6152
V1_CBO_orig,200,67,52.4888,0.7371
V2_addLevy,200,67,54.6654,0.7000
V3_addDynW,200,67,50.2319,0.6865
V4_addStaged,200,67,59.4144,0.8008
V5_addLS,200,67,27.4658,0.3321
V1_CBO_orig,200,68,48.4533,0.6909
V2_addLevy,200,68,39.0992,0.6000
V3_addDynW,200,68,40.0622,0.5832
V4_addStaged,200,68,50.4303,0.6078
V5_addLS,200,68,16.8461,0.0541
V1_CBO_orig,200,69,43.0429,0.6582
V2_addLevy,200,69,37.1937,0.5782
V3_addDynW,200,69,33.1228,0.5446
V4_addStaged,200,69,43.6484,0.5446
V5_addLS,200,69,19.4458,0.1243
V1_CBO_orig,200,70,51.3450,0.9541
V2_addLevy,200,70,50.8433,0.9035
V3_addDynW,200,70,48.2247,0.6045
V4_addStaged,200,70,74.4774,0.7504
V5_addLS,200,70,27.8795,0.2780
V1_CBO_orig,200,71,63.6003,0.7264
V2_addLevy,200,71,57.3952,0.7487
V3_addDynW,200,71,58.1691,0.7454
V4_addStaged,200,71,74.8259,0.8437
V5_addLS,200,71,27.7168,0.2428
V1_CBO_orig,200,72,95.7219,0.9799
V2_addLevy,200,72,103.4092,0.9096
V3_addDynW,200,72,91.0466,0.8639
V4_addStaged,200,72,145.2049,1.1657
V5_addLS,200,72,38.5669,0.4909
V1_CBO_orig,500,43,155.5346,0.7469
V2_addLevy,500,43,136.1007,0.7352
V3_addDynW,500,43,142.6558,0.7384
V4_addStaged,500,43,187.9726,0.9028
V5_addLS,500,43,40.6066,0.0452
V1_CBO_orig,500,44,237.3443,1.0558
V2_addLevy,500,44,207.8191,1.0558
V3_addDynW,500,44,185.4308,0.9914
V4_addStaged,500,44,247.9554,1.0189
V5_addLS,500,44,36.8942,0.0600
V1_CBO_orig,500,45,139.6613,0.6945
V2_addLevy,500,45,118.8586,0.7596
V3_addDynW,500,45,119.3378,0.8208
V4_addStaged,500,45,143.4347,0.7236
V5_addLS,500,45,36.3394,0.0509
V1_CBO_orig,500,46,236.6313,0.9754
V2_addLevy,500,46,184.1962,0.8277
V3_addDynW,500,46,218.2438,0.9411
V4_addStaged,500,46,268.9071,0.9491
V5_addLS,500,46,43.4568,0.0258
V1_CBO_orig,500,47,171.0317,0.8937
V2_addLevy,500,47,136.5810,0.6602
V3_addDynW,500,47,163.9870,0.8381
V4_addStaged,500,47,196.9857,0.9083
V5_addLS,500,47,42.6418,0.0463
V1_CBO_orig,500,48,167.4114,0.7267
V2_addLevy,500,48,134.5059,0.6603
V3_addDynW,500,48,121.7196,0.6597
V4_addStaged,500,48,189.7032,0.8031
V5_addLS,500,48,47.6112,0.0926
V1_CBO_orig,500,49,150.2654,0.7947
V2_addLevy,500,49,124.1512,0.7269
V3_addDynW,500,49,131.3303,0.7502
V4_addStaged,500,49,136.9888,0.7428
V5_addLS,500,49,46.1294,0.1066
V1_CBO_orig,500,50,206.4948,0.9776
V2_addLevy,500,50,176.5266,0.9320
V3_addDynW,500,50,151.6596,0.8461
V4_addStaged,500,50,224.2351,0.9301
V5_addLS,500,50,41.4108,0.0406
V1_CBO_orig,500,51,169.5370,1.2598
V2_addLevy,500,51,159.7164,0.7110
V3_addDynW,500,51,147.9842,0.6338
V4_addStaged,500,51,189.6402,0.7919
V5_addLS,500,51,51.0868,0.0903
V1_CBO_orig,500,52,243.6466,0.9136
V2_addLevy,500,52,214.1965,0.9275
V3_addDynW,500,52,194.7289,0.8401
V4_addStaged,500,52,311.3244,1.1527
V5_addLS,500,52,54.8325,0.1265
V1_CBO_orig,500,53,167.4034,0.8125
V2_addLevy,500,53,130.9430,0.5577
V3_addDynW,500,53,132.6440,0.5643
V4_addStaged,500,53,172.5003,0.6905
V5_addLS,500,53,45.8923,0.0467
V1_CBO_orig,500,54,141.0622,0.6764
V2_addLevy,500,54,138.1087,0.6845
V3_addDynW,500,54,139.1604,0.6423
V4_addStaged,500,54,161.7426,0.6540
V5_addLS,500,54,45.8480,0.0379
V1_CBO_orig,500,55,159.0939,0.8211
V2_addLevy,500,55,129.2088,0.5667
V3_addDynW,500,55,121.3137,0.5863
V4_addStaged,500,55,154.5236,0.6373
V5_addLS,500,55,47.4367,0.0405
V1_CBO_orig,500,56,166.4798,0.7494
V2_addLevy,500,56,161.1988,0.7641
V3_addDynW,500,56,141.5951,0.6013
V4_addStaged,500,56,255.3361,0.9223
V5_addLS,500,56,43.9647,0.0499
V1_CBO_orig,500,57,232.0810,0.9210
V2_addLevy,500,57,155.7850,0.6915
V3_addDynW,500,57,167.9204,0.7653
V4_addStaged,500,57,201.1152,0.7956
V5_addLS,500,57,51.3814,0.1177
V1_CBO_orig,500,58,155.1242,0.8019
V2_addLevy,500,58,117.5201,0.6097
V3_addDynW,500,58,123.5804,0.6774
V4_addStaged,500,58,155.4346,0.6848
V5_addLS,500,58,42.7918,0.0526
V1_CBO_orig,500,59,153.6956,0.8041
V2_addLevy,500,59,111.6343,0.7120
V3_addDynW,500,59,116.9259,0.6395
V4_addStaged,500,59,135.3193,0.6899
V5_addLS,500,59,40.5767,0.0387
V1_CBO_orig,500,60,128.8256,0.6528
V2_addLevy,500,60,118.2867,0.5669
V3_addDynW,500,60,97.9983,0.5221
V4_addStaged,500,60,183.9000,0.7471
V5_addLS,500,60,43.4836,0.0801
V1_CBO_orig,500,61,243.7952,1.1365
V2_addLevy,500,61,181.6853,0.6769
V3_addDynW,500,61,189.0638,0.7148
V4_addStaged,500,61,248.6473,0.8032
V5_addLS,500,61,57.3867,0.0903
V1_CBO_orig,500,62,99.3441,0.6253
V2_addLevy,500,62,68.3753,0.4486
V3_addDynW,500,62,69.3323,0.4066
V4_addStaged,500,62,85.9362,0.4699
V5_addLS,500,62,38.2483,0.0402
V1_CBO_orig,500,63,441.1342,1.2167
V2_addLevy,500,63,331.9580,1.0418
V3_addDynW,500,63,287.7064,0.9653
V4_addStaged,500,63,326.1904,0.9812
V5_addLS,500,63,51.0847,0.0644
V1_CBO_orig,500,64,174.6308,0.6798
V2_addLevy,500,64,163.7773,0.5849
V3_addDynW,500,64,149.0397,0.5512
V4_addStaged,500,64,203.2995,0.6574
V5_addLS,500,64,55.9097,0.0512
V1_CBO_orig,500,65,171.5630,0.7756
V2_addLevy,500,65,188.1863,0.9310
V3_addDynW,500,65,176.9960,0.8911
V4_addStaged,500,65,240.8341,0.9040
V5_addLS,500,65,47.6389,0.0762
V1_CBO_orig,500,66,204.4063,0.9144
V2_addLevy,500,66,165.3534,0.8566
V3_addDynW,500,66,150.4778,0.7091
V4_addStaged,500,66,230.0154,0.8109
V5_addLS,500,66,43.2297,0.0598
V1_CBO_orig,500,67,154.9421,0.7261
V2_addLevy,500,67,166.9029,0.8443
V3_addDynW,500,67,151.4723,0.8431
V4_addStaged,500,67,190.1535,0.7717
V5_addLS,500,67,52.1666,0.1543
V1_CBO_orig,500,68,141.7863,0.7305
V2_addLevy,500,68,100.7654,0.5146
V3_addDynW,500,68,102.8821,0.5931
V4_addStaged,500,68,118.7977,0.5844
V5_addLS,500,68,40.5920,0.0284
V1_CBO_orig,500,69,98.2153,0.5445
V2_addLevy,500,69,89.4316,0.5377
V3_addDynW,500,69,80.4467,0.4697
V4_addStaged,500,69,111.6112,0.5605
V5_addLS,500,69,40.8710,0.0231
V1_CBO_orig,500,70,150.5479,1.1271
V2_addLevy,500,70,144.0458,0.8562
V3_addDynW,500,70,142.4673,0.7204
V4_addStaged,500,70,257.2305,0.8719
V5_addLS,500,70,51.7044,0.1052
V1_CBO_orig,500,71,178.9198,0.8552
V2_addLevy,500,71,160.9826,0.6523
V3_addDynW,500,71,157.2325,0.7360
V4_addStaged,500,71,205.8771,0.8292
V5_addLS,500,71,48.3552,0.0705
V1_CBO_orig,500,72,349.0979,1.0377
V2_addLevy,500,72,285.9899,0.9790
V3_addDynW,500,72,306.8702,0.9985
V4_addStaged,500,72,473.4167,1.2534
V5_addLS,500,72,59.2575,0.1701
V1_CBO_orig,1000,43,344.5598,0.8572
V2_addLevy,1000,43,309.8036,0.8138
V3_addDynW,1000,43,304.5802,0.8268
V4_addStaged,1000,43,460.1850,0.8875
V5_addLS,1000,43,137.7891,0.3236
V1_CBO_orig,1000,44,589.2556,1.2774
V2_addLevy,1000,44,312.9197,0.7973
V3_addDynW,1000,44,446.0701,1.0745
V4_addStaged,1000,44,634.3375,1.3928
V5_addLS,1000,44,115.4734,0.2454
V1_CBO_orig,1000,45,273.5893,0.7941
V2_addLevy,1000,45,253.3662,0.8060
V3_addDynW,1000,45,252.5326,0.7633
V4_addStaged,1000,45,424.9282,0.9090
V5_addLS,1000,45,94.5920,0.1769
V1_CBO_orig,1000,46,561.9764,0.9746
V2_addLevy,1000,46,464.8088,0.9252
V3_addDynW,1000,46,445.3457,0.9675
V4_addStaged,1000,46,639.6269,1.0030
V5_addLS,1000,46,150.9303,0.3258
V1_CBO_orig,1000,47,368.1784,0.9314
V2_addLevy,1000,47,342.4075,0.9237
V3_addDynW,1000,47,296.9742,0.8592
V4_addStaged,1000,47,422.4064,1.1578
V5_addLS,1000,47,130.3171,0.2812
V1_CBO_orig,1000,48,357.9030,0.8058
V2_addLevy,1000,48,316.3199,0.7844
V3_addDynW,1000,48,320.2968,0.8046
V4_addStaged,1000,48,444.9198,0.8917
V5_addLS,1000,48,125.1638,0.2559
V1_CBO_orig,1000,49,308.2921,0.8694
V2_addLevy,1000,49,293.9621,0.8231
V3_addDynW,1000,49,265.1909,0.6898
V4_addStaged,1000,49,362.2305,0.9289
V5_addLS,1000,49,131.5112,0.3109
V1_CBO_orig,1000,50,463.5937,1.1172
V2_addLevy,1000,50,412.7165,1.0756
V3_addDynW,1000,50,405.1866,1.0028
V4_addStaged,1000,50,623.7752,1.4854
V5_addLS,1000,50,122.4950,0.2719
V1_CBO_orig,1000,51,359.7228,1.2732
V2_addLevy,1000,51,329.4944,0.6935
V3_addDynW,1000,51,385.4331,0.7596
V4_addStaged,1000,51,415.3986,0.7899
V5_addLS,1000,51,167.6338,0.3728
V1_CBO_orig,1000,52,522.9888,0.9580
V2_addLevy,1000,52,430.7554,0.8512
V3_addDynW,1000,52,498.3639,0.9457
V4_addStaged,1000,52,582.7914,1.1429
V5_addLS,1000,52,171.5707,0.3987
V1_CBO_orig,1000,53,384.6795,0.8500
V2_addLevy,1000,53,284.7145,0.7407
V3_addDynW,1000,53,359.2454,0.7173
V4_addStaged,1000,53,425.5587,0.8269
V5_addLS,1000,53,127.8148,0.2273
V1_CBO_orig,1000,54,351.3664,0.6818
V2_addLevy,1000,54,278.4558,0.7051
V3_addDynW,1000,54,295.9308,0.7225
V4_addStaged,1000,54,415.2052,0.7739
V5_addLS,1000,54,126.0665,0.2339
V1_CBO_orig,1000,55,309.2531,0.6377
V2_addLevy,1000,55,274.4859,0.6985
V3_addDynW,1000,55,257.7427,0.6010
V4_addStaged,1000,55,318.9433,0.6946
V5_addLS,1000,55,130.6006,0.2327
V1_CBO_orig,1000,56,359.8715,0.8571
V2_addLevy,1000,56,396.5860,0.9208
V3_addDynW,1000,56,376.3072,0.9253
V4_addStaged,1000,56,543.2160,1.0999
V5_addLS,1000,56,110.0723,0.1658
V1_CBO_orig,1000,57,542.9276,1.0143
V2_addLevy,1000,57,401.2973,0.8554
V3_addDynW,1000,57,370.9756,0.8602
V4_addStaged,1000,57,468.8545,0.9252
V5_addLS,1000,57,146.0724,0.3055
V1_CBO_orig,1000,58,317.3133,0.7709
V2_addLevy,1000,58,257.9946,0.6806
V3_addDynW,1000,58,264.0667,0.6786
V4_addStaged,1000,58,343.5419,0.7772
V5_addLS,1000,58,118.0039,0.2112
V1_CBO_orig,1000,59,329.7678,0.8622
V2_addLevy,1000,59,282.9144,0.7257
V3_addDynW,1000,59,261.2449,0.6311
V4_addStaged,1000,59,284.3290,0.7558
V5_addLS,1000,59,112.5133,0.2161
V1_CBO_orig,1000,60,352.8830,0.9278
V2_addLevy,1000,60,340.1444,0.9064
V3_addDynW,1000,60,350.8985,0.9724
V4_addStaged,1000,60,481.0229,0.8792
V5_addLS,1000,60,101.7794,0.1705
V1_CBO_orig,1000,61,520.9686,1.1963
V2_addLevy,1000,61,467.3185,0.8799
V3_addDynW,1000,61,406.5826,0.7500
V4_addStaged,1000,61,502.4078,0.8287
V5_addLS,1000,61,173.9816,0.3418
V1_CBO_orig,1000,62,239.4603,0.6900
V2_addLevy,1000,62,152.1014,0.4541
V3_addDynW,1000,62,158.7966,0.4564
V4_addStaged,1000,62,182.1003,0.4807
V5_addLS,1000,62,81.9441,0.1170
V1_CBO_orig,1000,63,1071.6691,1.2400
V2_addLevy,1000,63,690.5239,1.0633
V3_addDynW,1000,63,839.1294,1.2198
V4_addStaged,1000,63,996.5582,1.2299
V5_addLS,1000,63,211.4828,0.4389
V1_CBO_orig,1000,64,435.3116,0.6961
V2_addLevy,1000,64,316.3234,0.5804
V3_addDynW,1000,64,319.6047,0.5842
V4_addStaged,1000,64,358.7840,0.6309
V5_addLS,1000,64,150.7221,0.2434
V1_CBO_orig,1000,65,433.7514,0.9788
V2_addLevy,1000,65,386.5325,0.9483
V3_addDynW,1000,65,398.2052,0.9265
V4_addStaged,1000,65,449.3865,1.0219
V5_addLS,1000,65,150.9418,0.3585
V1_CBO_orig,1000,66,484.2836,1.0338
V2_addLevy,1000,66,369.7056,0.8474
V3_addDynW,1000,66,349.4771,0.7858
V4_addStaged,1000,66,464.1675,0.9041
V5_addLS,1000,66,128.0538,0.2932
V1_CBO_orig,1000,67,369.1471,0.8947
V2_addLevy,1000,67,346.6588,0.8920
V3_addDynW,1000,67,331.5558,0.8178
V4_addStaged,1000,67,449.0499,1.0901
V5_addLS,1000,67,121.0536,0.2558
V1_CBO_orig,1000,68,295.3045,0.7140
V2_addLevy,1000,68,213.7991,0.5758
V3_addDynW,1000,68,229.1868,0.5536
V4_addStaged,1000,68,249.9659,0.6067
V5_addLS,1000,68,110.1562,0.2014
V1_CBO_orig,1000,69,211.8667,0.5507
V2_addLevy,1000,69,179.2751,0.4828
V3_addDynW,1000,69,167.0275,0.4869
V4_addStaged,1000,69,237.6536,0.5698
V5_addLS,1000,69,107.2259,0.1888
V1_CBO_orig,1000,70,338.0347,1.1321
V2_addLevy,1000,70,312.4519,1.0085
V3_addDynW,1000,70,356.9225,0.7883
V4_addStaged,1000,70,630.7553,1.0208
V5_addLS,1000,70,126.9631,0.2423
V1_CBO_orig,1000,71,395.3979,0.7917
V2_addLevy,1000,71,370.5946,0.7854
V3_addDynW,1000,71,352.1115,0.8025
V4_addStaged,1000,71,476.9926,0.8044
V5_addLS,1000,71,132.5183,0.2356
V1_CBO_orig,1000,72,766.1554,1.1637
V2_addLevy,1000,72,733.6614,1.1646
V3_addDynW,1000,72,702.4695,1.1562
V4_addStaged,1000,72,1005.0554,1.3454
V5_addLS,1000,72,248.0078,0.5294
V1_CBO_orig,2000,43,761.0854,0.9357
V2_addLevy,2000,43,726.1646,0.8758
V3_addDynW,2000,43,689.1179,0.8853
V4_addStaged,2000,43,927.8471,0.9688
V5_addLS,2000,43,373.0240,0.4976
V1_CBO_orig,2000,44,1161.0362,1.3144
V2_addLevy,2000,44,1051.9128,1.2040
V3_addDynW,2000,44,1032.8641,1.1826
V4_addStaged,2000,44,1434.1766,1.4710
V5_addLS,2000,44,421.1891,0.5934
V1_CBO_orig,2000,45,727.0871,0.9811
V2_addLevy,2000,45,649.9139,0.9767
V3_addDynW,2000,45,583.9017,0.8938
V4_addStaged,2000,45,855.5297,0.9518
V5_addLS,2000,45,369.1134,0.5174
V1_CBO_orig,2000,46,1081.9590,1.0791
V2_addLevy,2000,46,1048.0298,1.0683
V3_addDynW,2000,46,964.7302,1.0328
V4_addStaged,2000,46,1367.3450,1.0806
V5_addLS,2000,46,437.7222,0.5202
V1_CBO_orig,2000,47,781.1222,0.9654
V2_addLevy,2000,47,710.5435,1.0251
V3_addDynW,2000,47,733.9495,0.9365
V4_addStaged,2000,47,930.8615,1.1682
V5_addLS,2000,47,466.5801,0.5911
V1_CBO_orig,2000,48,802.9211,0.9350
V2_addLevy,2000,48,634.0707,0.7327
V3_addDynW,2000,48,713.3725,0.8468
V4_addStaged,2000,48,980.7300,0.9176
V5_addLS,2000,48,374.8001,0.4927
V1_CBO_orig,2000,49,696.6993,0.8387
V2_addLevy,2000,49,698.8174,0.9659
V3_addDynW,2000,49,673.1896,0.9619
V4_addStaged,2000,49,907.5094,1.1327
V5_addLS,2000,49,401.5294,0.5323
V1_CBO_orig,2000,50,913.2966,1.1527
V2_addLevy,2000,50,943.6469,1.1662
V3_addDynW,2000,50,879.1245,1.1069
V4_addStaged,2000,50,1140.9610,1.3166
V5_addLS,2000,50,425.8943,0.5740
V1_CBO_orig,2000,51,738.9770,1.2059
V2_addLevy,2000,51,817.6037,0.8041
V3_addDynW,2000,51,819.9236,0.8169
V4_addStaged,2000,51,896.9047,0.8277
V5_addLS,2000,51,431.2922,0.5010
V1_CBO_orig,2000,52,1261.4481,1.0262
V2_addLevy,2000,52,1009.5591,1.0190
V3_addDynW,2000,52,1042.4025,0.9328
V4_addStaged,2000,52,1498.5681,1.3031
V5_addLS,2000,52,723.6906,0.7780
V1_CBO_orig,2000,53,954.1470,1.0616
V2_addLevy,2000,53,799.3531,0.9011
V3_addDynW,2000,53,834.5150,0.7789
V4_addStaged,2000,53,962.8202,0.7902
V5_addLS,2000,53,326.1765,0.3770
V1_CBO_orig,2000,54,807.1558,0.8344
V2_addLevy,2000,54,612.5742,0.7094
V3_addDynW,2000,54,681.1332,0.7345
V4_addStaged,2000,54,932.1430,0.8553
V5_addLS,2000,54,346.2168,0.4169
V1_CBO_orig,2000,55,736.7813,0.6920
V2_addLevy,2000,55,574.1876,0.6210
V3_addDynW,2000,55,609.5916,0.6753
V4_addStaged,2000,55,744.4838,0.7229
V5_addLS,2000,55,325.7431,0.3754
V1_CBO_orig,2000,56,1071.2293,1.0057
V2_addLevy,2000,56,875.0919,1.0196
V3_addDynW,2000,56,720.1336,0.9163
V4_addStaged,2000,56,958.1229,1.1417
V5_addLS,2000,56,380.4257,0.4576
V1_CBO_orig,2000,57,1243.1251,1.0303
V2_addLevy,2000,57,824.7101,0.8729
V3_addDynW,2000,57,791.4022,0.8666
V4_addStaged,2000,57,1103.3067,0.9800
V5_addLS,2000,57,470.2346,0.5953
V1_CBO_orig,2000,58,644.7966,0.7104
V2_addLevy,2000,58,546.3673,0.7209
V3_addDynW,2000,58,538.9406,0.7116
V4_addStaged,2000,58,703.0133,0.8080
V5_addLS,2000,58,375.2175,0.4888
V1_CBO_orig,2000,59,716.9642,0.8657
V2_addLevy,2000,59,598.8442,0.7661
V3_addDynW,2000,59,575.0936,0.7022
V4_addStaged,2000,59,662.1223,0.7826
V5_addLS,2000,59,355.7921,0.4872
V1_CBO_orig,2000,60,952.8664,1.0275
V2_addLevy,2000,60,791.4542,1.0084
V3_addDynW,2000,60,808.1329,0.9448
V4_addStaged,2000,60,1122.7774,1.0629
V5_addLS,2000,60,289.9048,0.3831
V1_CBO_orig,2000,61,1213.8889,1.1027
V2_addLevy,2000,61,935.5123,0.8233
V3_addDynW,2000,61,928.1195,0.8389
V4_addStaged,2000,61,1040.8525,0.8682
V5_addLS,2000,61,490.7130,0.5283
V1_CBO_orig,2000,62,502.1489,0.5517
V2_addLevy,2000,62,351.3856,0.4735
V3_addDynW,2000,62,389.4007,0.5162
V4_addStaged,2000,62,459.5325,0.5566
V5_addLS,2000,62,193.6707,0.2222
V1_CBO_orig,2000,63,2458.3108,1.3539
V2_addLevy,2000,63,1595.9518,1.1491
V3_addDynW,2000,63,1656.8357,1.1473
V4_addStaged,2000,63,1917.8497,1.1661
V5_addLS,2000,63,723.2581,0.7785
V1_CBO_orig,2000,64,913.0846,0.7168
V2_addLevy,2000,64,710.9739,0.6308
V3_addDynW,2000,64,742.7618,0.6290
V4_addStaged,2000,64,866.6435,0.6894
V5_addLS,2000,64,475.2360,0.4763
V1_CBO_orig,2000,65,881.6176,1.0311
V2_addLevy,2000,65,822.1439,1.0190
V3_addDynW,2000,65,852.2359,1.0148
V4_addStaged,2000,65,867.9144,1.0173
V5_addLS,2000,65,481.5836,0.5682
V1_CBO_orig,2000,66,1100.2086,1.0452
V2_addLevy,2000,66,777.7215,0.8903
V3_addDynW,2000,66,866.9262,0.9288
V4_addStaged,2000,66,1121.3554,1.0336
V5_addLS,2000,66,402.6790,0.5332
V1_CBO_orig,2000,67,778.9638,1.0265
V2_addLevy,2000,67,805.7192,0.9726
V3_addDynW,2000,67,760.0895,0.9129
V4_addStaged,2000,67,881.0081,1.0794
V5_addLS,2000,67,450.2910,0.5720
V1_CBO_orig,2000,68,602.5263,0.6641
V2_addLevy,2000,68,432.5671,0.5179
V3_addDynW,2000,68,471.9229,0.6213
V4_addStaged,2000,68,547.5292,0.6108
V5_addLS,2000,68,277.1489,0.3545
V1_CBO_orig,2000,69,472.1398,0.6165
V2_addLevy,2000,69,365.0545,0.4827
V3_addDynW,2000,69,375.6880,0.4811
V4_addStaged,2000,69,556.4450,0.6121
V5_addLS,2000,69,262.8156,0.3146
V1_CBO_orig,2000,70,861.2612,1.1998
V2_addLevy,2000,70,700.9331,1.1361
V3_addDynW,2000,70,801.7076,0.7937
V4_addStaged,2000,70,1551.1207,1.1606
V5_addLS,2000,70,462.0225,0.5445
V1_CBO_orig,2000,71,831.3609,0.9255
V2_addLevy,2000,71,804.8978,0.8449
V3_addDynW,2000,71,855.2137,0.8559
V4_addStaged,2000,71,1016.4674,0.8521
V5_addLS,2000,71,386.5763,0.4577
V1_CBO_orig,2000,72,1626.9748,1.2509
V2_addLevy,2000,72,1533.2024,1.1462
V3_addDynW,2000,72,1557.6870,1.1514
V4_addStaged,2000,72,1752.7972,1.2864
V5_addLS,2000,72,859.5204,0.8592
V1_CBO_orig,5000,43,2033.2259,1.0518
V2_addLevy,5000,43,1730.9841,0.8785
V3_addDynW,5000,43,1930.0577,0.9108
V4_addStaged,5000,43,2658.1381,1.1442
V5_addLS,5000,43,1522.1022,0.7518
V1_CBO_orig,5000,44,3050.7598,1.3605
V2_addLevy,5000,44,2971.1983,1.3167
V3_addDynW,5000,44,3013.5686,1.3563
V4_addStaged,5000,44,3978.7509,1.5332
V5_addLS,5000,44,3642.3373,1.5452
V1_CBO_orig,5000,45,1536.4333,0.9203
V2_addLevy,5000,45,1587.6701,0.9050
V3_addDynW,5000,45,1589.1593,0.9018
V4_addStaged,5000,45,2000.7376,1.0367
V5_addLS,5000,45,1562.2861,0.8209
V1_CBO_orig,5000,46,3102.8102,1.1887
V2_addLevy,5000,46,2684.6517,1.0991
V3_addDynW,5000,46,2783.7850,1.1640
V4_addStaged,5000,46,3513.0286,1.1411
V5_addLS,5000,46,2363.8146,0.9149
V1_CBO_orig,5000,47,1806.7119,1.0155
V2_addLevy,5000,47,1989.5630,1.0055
V3_addDynW,5000,47,2070.5497,1.0807
V4_addStaged,5000,47,2625.0241,1.2923
V5_addLS,5000,47,1618.7967,0.9424
V1_CBO_orig,5000,48,2245.2336,1.0040
V2_addLevy,5000,48,2012.0967,0.9828
V3_addDynW,5000,48,1962.9692,0.9676
V4_addStaged,5000,48,2592.5807,0.9618
V5_addLS,5000,48,1598.7375,0.7488
V1_CBO_orig,5000,49,1868.3161,1.0105
V2_addLevy,5000,49,1817.5785,0.8965
V3_addDynW,5000,49,1791.0852,0.8359
V4_addStaged,5000,49,2098.1600,1.0760
V5_addLS,5000,49,1737.4714,0.8207
V1_CBO_orig,5000,50,2526.7349,1.2437
V2_addLevy,5000,50,2590.4602,1.3058
V3_addDynW,5000,50,2321.9816,1.1940
V4_addStaged,5000,50,3454.5589,1.4642
V5_addLS,5000,50,2025.0274,1.1489
V1_CBO_orig,5000,51,2080.2512,1.1547
V2_addLevy,5000,51,2221.9894,0.8533
V3_addDynW,5000,51,2269.7737,0.8514
V4_addStaged,5000,51,2525.5376,0.8916
V5_addLS,5000,51,1684.2617,0.7360
V1_CBO_orig,5000,52,3332.4620,1.1484
V2_addLevy,5000,52,3144.3905,1.0475
V3_addDynW,5000,52,3144.4778,1.1384
V4_addStaged,5000,52,3759.9111,1.3376
V5_addLS,5000,52,3464.8388,1.2723
V1_CBO_orig,5000,53,2781.6873,1.3568
V2_addLevy,5000,53,2645.8950,1.3024
V3_addDynW,5000,53,2989.1303,0.9444
V4_addStaged,5000,53,3105.9530,0.9484
V5_addLS,5000,53,1505.5846,0.6265
V1_CBO_orig,5000,54,1741.6907,0.8120
V2_addLevy,5000,54,1823.5396,0.7290
V3_addDynW,5000,54,1746.5058,0.7502
V4_addStaged,5000,54,2681.1422,0.9089
V5_addLS,5000,54,1459.1280,0.6362
V1_CBO_orig,5000,55,2259.6953,0.7805
V2_addLevy,5000,55,1908.8987,0.7472
V3_addDynW,5000,55,1928.2691,0.7132
V4_addStaged,5000,55,2259.6953,0.7805
V5_addLS,5000,55,1208.5840,0.5695
V1_CBO_orig,5000,56,2138.9084,0.9797
V2_addLevy,5000,56,2217.1603,0.9784
V3_addDynW,5000,56,2300.3228,1.0769
V4_addStaged,5000,56,2626.2317,1.1970
V5_addLS,5000,56,1941.9848,0.8079
V1_CBO_orig,5000,57,3317.4108,1.0165
V2_addLevy,5000,57,2564.7261,0.9471
V3_addDynW,5000,57,2512.3370,0.9291
V4_addStaged,5000,57,2951.8570,1.0076
V5_addLS,5000,57,1795.2036,0.8342
V1_CBO_orig,5000,58,1747.0213,0.7977
V2_addLevy,5000,58,1394.5450,0.7141
V3_addDynW,5000,58,1436.8129,0.7360
V4_addStaged,5000,58,1880.2756,0.8439
V5_addLS,5000,58,1368.7278,0.7066
V1_CBO_orig,5000,59,1773.1926,0.8421
V2_addLevy,5000,59,1612.8392,0.8380
V3_addDynW,5000,59,1599.3017,0.8188
V4_addStaged,5000,59,1690.3957,0.7995
V5_addLS,5000,59,1250.0459,0.6934
V1_CBO_orig,5000,60,2314.2928,1.1636
V2_addLevy,5000,60,2088.0865,0.9856
V3_addDynW,5000,60,2361.2708,1.1196
V4_addStaged,5000,60,2338.3675,1.1666
V5_addLS,5000,60,1382.5856,0.6731
V1_CBO_orig,5000,61,3439.2708,0.9899
V2_addLevy,5000,61,2840.8344,0.8931
V3_addDynW,5000,61,2853.7213,0.8767
V4_addStaged,5000,61,3151.8677,0.9168
V5_addLS,5000,61,2013.1725,0.7349
V1_CBO_orig,5000,62,1648.1480,0.6882
V2_addLevy,5000,62,1097.9852,0.6197
V3_addDynW,5000,62,1331.0099,0.6985
V4_addStaged,5000,62,1691.8112,0.6196
V5_addLS,5000,62,693.9529,0.3816
V1_CBO_orig,5000,63,7133.0860,1.4356
V2_addLevy,5000,63,4763.3111,1.2292
V3_addDynW,5000,63,4822.0214,1.2413
V4_addStaged,5000,63,6167.7884,1.3252
V5_addLS,5000,63,3396.4923,1.0908
V1_CBO_orig,5000,64,2771.0434,0.8432
V2_addLevy,5000,64,2378.6756,0.7574
V3_addDynW,5000,64,2263.3186,0.7425
V4_addStaged,5000,64,2481.8265,0.7113
V5_addLS,5000,64,1472.3596,0.5703
V1_CBO_orig,5000,65,2259.7838,1.1261
V2_addLevy,5000,65,2445.7021,1.1558
V3_addDynW,5000,65,2443.2376,1.1778
V4_addStaged,5000,65,2543.3797,1.2173
V5_addLS,5000,65,2240.7710,0.9077
V1_CBO_orig,5000,66,3344.9619,1.1966
V2_addLevy,5000,66,2459.4648,1.0216
V3_addDynW,5000,66,2568.6317,1.0509
V4_addStaged,5000,66,3612.2743,1.1849
V5_addLS,5000,66,2265.1529,0.9475
V1_CBO_orig,5000,67,2391.3558,1.0974
V2_addLevy,5000,67,1895.9671,0.9769
V3_addDynW,5000,67,1998.8585,1.0001
V4_addStaged,5000,67,2761.4834,1.3292
V5_addLS,5000,67,1803.5040,0.8275
V1_CBO_orig,5000,68,1555.0877,0.7025
V2_addLevy,5000,68,1398.4682,0.6557
V3_addDynW,5000,68,1326.9000,0.6311
V4_addStaged,5000,68,1472.7728,0.6480
V5_addLS,5000,68,1024.8324,0.5277
V1_CBO_orig,5000,69,1170.8628,0.5835
V2_addLevy,5000,69,1052.0407,0.5332
V3_addDynW,5000,69,1038.1903,0.5513
V4_addStaged,5000,69,1435.3587,0.6662
V5_addLS,5000,69,955.4460,0.4884
V1_CBO_orig,5000,70,2154.4730,1.1505
V2_addLevy,5000,70,2324.1153,1.0883
V3_addDynW,5000,70,2864.1366,1.0361
V4_addStaged,5000,70,4400.2842,1.2342
V5_addLS,5000,70,2025.3813,0.8284
V1_CBO_orig,5000,71,2333.1435,0.9660
V2_addLevy,5000,71,2271.7490,1.0354
V3_addDynW,5000,71,2200.7979,0.8749
V4_addStaged,5000,71,3040.3991,1.2941
V5_addLS,5000,71,1588.3197,0.6981
V1_CBO_orig,5000,72,4349.4843,1.2281
V2_addLevy,5000,72,4158.4175,1.2764
V3_addDynW,5000,72,4075.0246,1.2236
V4_addStaged,5000,72,3870.0234,1.2319
V5_addLS,5000,72,3786.7335,1.1496
