Algorithm,TaskCount,Seed,Makespan,LoadBalanceRatio
LSCBO-LS-final,200,43,25.0878,0.3164
LSCBO-LS-wrong,200,43,28.9740,0.3584
CBO,200,43,71.1036,1.0714
GTO,200,43,45.2622,0.7100
WOA,200,43,63.0285,0.7891
GWO,200,43,61.9635,0.9210
HHO,200,43,74.1514,1.0064
DBO,200,43,73.9116,0.8841
PSO,200,43,84.0421,1.1701
AOA,200,43,94.6373,1.3914
LSCBO-LS-final,200,44,26.7010,0.4408
LSCBO-LS-wrong,200,44,42.8363,0.6741
CBO,200,44,96.8014,1.1728
GTO,200,44,62.6206,0.8603
WOA,200,44,82.1675,1.0731
GWO,200,44,76.6101,0.9784
HHO,200,44,82.4592,2.5373
DBO,200,44,82.3473,0.9533
PSO,200,44,105.7354,1.2925
AOA,200,44,105.4957,1.7025
LSCBO-LS-final,200,45,26.7022,0.4330
LSCBO-LS-wrong,200,45,26.8820,0.4015
CBO,200,45,81.1131,1.2115
GTO,200,45,51.9424,0.7624
WOA,200,45,72.2494,0.9391
GWO,200,45,52.9187,0.7835
HHO,200,45,65.0309,0.9332
DBO,200,45,65.4887,0.9418
PSO,200,45,80.7067,1.1147
AOA,200,45,65.9067,1.1092
LSCBO-LS-final,200,46,33.8249,0.3616
LSCBO-LS-wrong,200,46,32.0851,0.3836
CBO,200,46,108.6958,1.3116
GTO,200,46,68.4111,0.9039
WOA,200,46,90.0317,0.9157
GWO,200,46,78.2063,0.8405
HHO,200,46,94.9394,0.9385
DBO,200,46,98.9097,0.9358
PSO,200,46,117.2574,1.1829
AOA,200,46,100.2200,1.2849
LSCBO-LS-final,200,47,37.2257,0.5413
LSCBO-LS-wrong,200,47,17.6690,0.0792
CBO,200,47,72.4042,1.2035
GTO,200,47,69.0550,0.9147
WOA,200,47,45.6159,0.8527
GWO,200,47,83.7369,0.9895
HHO,200,47,69.7749,0.9146
DBO,200,47,66.6566,0.8784
PSO,200,47,114.2378,1.4706
AOA,200,47,111.1670,1.4538
LSCBO-LS-final,200,48,27.3845,0.3944
LSCBO-LS-wrong,200,48,34.9797,0.4465
CBO,200,48,70.6228,0.9331
GTO,200,48,54.1150,0.7192
WOA,200,48,85.5303,1.1050
GWO,200,48,60.0213,0.7998
HHO,200,48,68.9447,0.7873
DBO,200,48,66.6807,0.7841
PSO,200,48,70.2601,0.8682
AOA,200,48,73.2756,1.1355
LSCBO-LS-final,200,49,28.9670,0.5292
LSCBO-LS-wrong,200,49,42.3397,0.5560
CBO,200,49,63.9002,1.0326
GTO,200,49,70.4417,0.8306
WOA,200,49,79.0262,1.0145
GWO,200,49,68.3819,0.8831
HHO,200,49,83.0882,1.0836
DBO,200,49,65.0659,0.7218
PSO,200,49,84.8524,0.8815
AOA,200,49,100.8378,1.0261
LSCBO-LS-final,200,50,50.1878,0.7924
LSCBO-LS-wrong,200,50,28.7825,0.3881
CBO,200,50,77.5715,0.9950
GTO,200,50,58.2674,0.8975
WOA,200,50,64.2118,1.0256
GWO,200,50,68.5098,0.8791
HHO,200,50,88.0453,1.3508
DBO,200,50,97.6702,0.9782
PSO,200,50,142.8835,1.3398
AOA,200,50,99.2217,1.6239
LSCBO-LS-final,200,51,20.2772,0.1405
LSCBO-LS-wrong,200,51,19.0013,0.0892
CBO,200,51,57.5659,1.1303
GTO,200,51,62.7770,0.7032
WOA,200,51,81.9543,0.8319
GWO,200,51,87.3479,0.8610
HHO,200,51,55.8953,0.7325
DBO,200,51,59.0840,0.7367
PSO,200,51,59.6429,0.6775
AOA,200,51,61.5629,0.7749
LSCBO-LS-final,200,52,32.2692,0.3543
LSCBO-LS-wrong,200,52,25.4099,0.2167
CBO,200,52,93.3209,1.4684
GTO,200,52,72.7758,0.8327
WOA,200,52,128.9140,1.2350
GWO,200,52,90.5748,0.9146
HHO,200,52,117.6951,1.0736
DBO,200,52,104.5786,0.9214
PSO,200,52,127.9187,1.2141
AOA,200,52,141.5269,1.4558
LSCBO-LS-final,200,53,35.3713,0.5086
LSCBO-LS-wrong,200,53,64.4081,0.7197
CBO,200,53,74.7635,0.8961
GTO,200,53,54.2434,0.7186
WOA,200,53,57.7724,0.7222
GWO,200,53,66.8208,0.8552
HHO,200,53,61.5287,0.7844
DBO,200,53,59.0569,0.7406
PSO,200,53,71.5728,0.7455
AOA,200,53,70.4718,0.7963
LSCBO-LS-final,200,54,31.4816,0.3591
LSCBO-LS-wrong,200,54,33.8047,0.4380
CBO,200,54,85.0294,0.8507
GTO,200,54,50.2016,0.6849
WOA,200,54,81.1937,0.8779
GWO,200,54,71.0111,0.7534
HHO,200,54,75.3248,0.8734
DBO,200,54,75.7517,0.7984
PSO,200,54,50.0004,0.6860
AOA,200,54,71.9344,0.9950
LSCBO-LS-final,200,55,30.4183,0.3423
LSCBO-LS-wrong,200,55,34.2689,0.3632
CBO,200,55,53.2576,0.8126
GTO,200,55,59.7757,0.7038
WOA,200,55,51.1951,0.6112
GWO,200,55,70.1925,0.7647
HHO,200,55,63.2822,1.0012
DBO,200,55,53.5538,0.6187
PSO,200,55,77.0037,0.7910
AOA,200,55,77.0037,0.7910
LSCBO-LS-final,200,56,20.7068,0.1366
LSCBO-LS-wrong,200,56,23.0209,0.2420
CBO,200,56,106.8435,1.1782
GTO,200,56,68.6968,0.7460
WOA,200,56,72.1376,1.2066
GWO,200,56,53.5669,0.8377
HHO,200,56,60.9013,0.9924
DBO,200,56,69.8610,0.8989
PSO,200,56,90.7312,1.0086
AOA,200,56,73.9084,1.1246
LSCBO-LS-final,200,57,25.8180,0.2741
LSCBO-LS-wrong,200,57,24.0275,0.2110
CBO,200,57,90.4050,1.0252
GTO,200,57,82.6628,0.8731
WOA,200,57,73.6581,0.8533
GWO,200,57,84.9038,0.9626
HHO,200,57,80.4807,1.0460
DBO,200,57,71.6667,0.8364
PSO,200,57,106.6930,0.8979
AOA,200,57,94.4273,0.8988
LSCBO-LS-final,200,58,20.5462,0.1309
LSCBO-LS-wrong,200,58,18.9007,0.0875
CBO,200,58,76.8447,1.0238
GTO,200,58,52.2429,0.7359
WOA,200,58,68.7282,0.8290
GWO,200,58,58.9268,0.7689
HHO,200,58,68.0108,0.9206
DBO,200,58,57.0187,0.7499
PSO,200,58,67.7026,0.9165
AOA,200,58,82.9506,1.0431
LSCBO-LS-final,200,59,20.8054,0.2549
LSCBO-LS-wrong,200,59,22.0211,0.2120
CBO,200,59,62.9408,0.9269
GTO,200,59,56.8659,0.6620
WOA,200,59,56.1616,0.7470
GWO,200,59,50.1316,0.7760
HHO,200,59,44.8707,0.6586
DBO,200,59,56.5048,0.7285
PSO,200,59,81.0889,0.9333
AOA,200,59,77.1985,0.9218
LSCBO-LS-final,200,60,32.4040,0.4671
LSCBO-LS-wrong,200,60,20.0651,0.2178
CBO,200,60,61.7894,0.9440
GTO,200,60,31.6992,0.7144
WOA,200,60,71.1731,0.8702
GWO,200,60,44.8240,0.6985
HHO,200,60,56.2714,1.1344
DBO,200,60,44.2938,0.6629
PSO,200,60,81.2331,0.9849
AOA,200,60,85.8804,1.3735
LSCBO-LS-final,200,61,29.8458,0.2493
LSCBO-LS-wrong,200,61,43.5682,0.4316
CBO,200,61,91.1430,1.1773
GTO,200,61,85.5287,0.7517
WOA,200,61,83.6107,0.8018
GWO,200,61,56.6121,0.6524
HHO,200,61,92.2678,0.8765
DBO,200,61,98.5733,0.8051
PSO,200,61,165.2361,1.1053
AOA,200,61,118.5567,1.0498
LSCBO-LS-final,200,62,16.6890,0.1250
LSCBO-LS-wrong,200,62,19.2281,0.2190
CBO,200,62,38.6559,0.5651
GTO,200,62,28.6729,0.4689
WOA,200,62,38.1241,0.8228
GWO,200,62,38.3017,0.7021
HHO,200,62,34.4220,0.5557
DBO,200,62,36.4191,0.5842
PSO,200,62,34.6158,0.5788
AOA,200,62,34.5850,0.6349
LSCBO-LS-final,200,63,28.9399,0.2815
LSCBO-LS-wrong,200,63,39.4700,0.3364
CBO,200,63,170.6909,1.2105
GTO,200,63,144.0966,1.1029
WOA,200,63,150.4827,1.1545
GWO,200,63,155.8713,1.1683
HHO,200,63,144.6189,1.1192
DBO,200,63,161.4885,1.1596
PSO,200,63,197.1249,1.2268
AOA,200,63,162.5045,1.2454
LSCBO-LS-final,200,64,30.8117,0.1872
LSCBO-LS-wrong,200,64,30.6531,0.2012
CBO,200,64,85.3712,0.8909
GTO,200,64,66.1045,0.6943
WOA,200,64,84.7084,0.7527
GWO,200,64,78.9005,0.8019
HHO,200,64,105.0633,1.0625
DBO,200,64,77.4950,0.6992
PSO,200,64,92.9390,0.8260
AOA,200,64,90.6577,0.9490
LSCBO-LS-final,200,65,33.8240,0.4957
LSCBO-LS-wrong,200,65,31.5818,0.3938
CBO,200,65,128.0326,1.0954
GTO,200,65,57.7635,0.8370
WOA,200,65,90.5568,1.2152
GWO,200,65,78.9858,0.9137
HHO,200,65,80.7784,1.0172
DBO,200,65,95.9796,0.9702
PSO,200,65,110.0160,1.2091
AOA,200,65,99.8625,1.2076
LSCBO-LS-final,200,66,18.3232,0.1172
LSCBO-LS-wrong,200,66,42.0973,0.6152
CBO,200,66,71.0702,1.4842
GTO,200,66,59.6023,0.7778
WOA,200,66,74.3156,0.8946
GWO,200,66,76.1430,0.7834
HHO,200,66,85.1655,0.8407
DBO,200,66,62.8656,0.7374
PSO,200,66,98.2468,1.0153
AOA,200,66,88.7260,1.0401
LSCBO-LS-final,200,67,26.6605,0.4084
LSCBO-LS-wrong,200,67,27.4658,0.3321
CBO,200,67,99.3310,1.2198
GTO,200,67,61.5500,1.0240
WOA,200,67,65.4460,1.3287
GWO,200,67,64.8986,0.8988
HHO,200,67,71.4228,1.0553
DBO,200,67,75.7990,0.8591
PSO,200,67,91.9729,1.2125
AOA,200,67,76.6923,1.3013
LSCBO-LS-final,200,68,18.5956,0.0905
LSCBO-LS-wrong,200,68,16.8461,0.0541
CBO,200,68,58.8759,0.8672
GTO,200,68,46.3385,0.6832
WOA,200,68,49.6854,0.6655
GWO,200,68,48.6815,0.7026
HHO,200,68,60.6146,0.7902
DBO,200,68,46.1706,0.6404
PSO,200,68,46.8886,0.5817
AOA,200,68,57.0877,0.7064
LSCBO-LS-final,200,69,18.6714,0.1178
LSCBO-LS-wrong,200,69,19.4458,0.1243
CBO,200,69,50.2702,0.8598
GTO,200,69,40.2588,0.6628
WOA,200,69,46.7725,0.6876
GWO,200,69,39.7935,0.5930
HHO,200,69,42.8548,0.6891
DBO,200,69,43.4037,0.6245
PSO,200,69,54.9015,0.7829
AOA,200,69,60.6615,1.0412
LSCBO-LS-final,200,70,33.1667,0.5847
LSCBO-LS-wrong,200,70,27.8795,0.2780
CBO,200,70,60.8169,1.2755
GTO,200,70,72.5902,0.9147
WOA,200,70,62.6344,0.8155
GWO,200,70,71.8229,0.8391
HHO,200,70,89.9091,1.0045
DBO,200,70,87.6499,0.7985
PSO,200,70,126.9187,1.1682
AOA,200,70,132.8176,1.5275
LSCBO-LS-final,200,71,27.2243,0.2811
LSCBO-LS-wrong,200,71,27.7168,0.2428
CBO,200,71,84.5542,0.9859
GTO,200,71,69.8889,0.7767
WOA,200,71,83.4819,0.8727
GWO,200,71,68.6382,0.9028
HHO,200,71,75.2800,0.9999
DBO,200,71,65.6833,0.7598
PSO,200,71,101.8857,1.0394
AOA,200,71,91.3571,1.0978
LSCBO-LS-final,200,72,56.1592,0.6783
LSCBO-LS-wrong,200,72,38.5669,0.4909
CBO,200,72,179.4591,1.2391
GTO,200,72,104.8494,1.1206
WOA,200,72,162.0289,1.2002
GWO,200,72,124.6558,1.2075
HHO,200,72,131.7228,1.1664
DBO,200,72,145.7595,1.1209
PSO,200,72,175.9963,1.3280
AOA,200,72,122.2901,1.7464
LSCBO-LS-final,500,43,40.2563,0.0476
LSCBO-LS-wrong,500,43,40.6066,0.0452
CBO,500,43,220.3325,0.9353
GTO,500,43,142.9010,0.7781
WOA,500,43,197.5330,1.0108
GWO,500,43,204.7417,0.8780
HHO,500,43,180.1294,0.9196
DBO,500,43,170.0637,0.8230
PSO,500,43,162.4407,0.8059
AOA,500,43,247.4753,1.3240
LSCBO-LS-final,500,44,49.0167,0.2430
LSCBO-LS-wrong,500,44,36.8942,0.0600
CBO,500,44,259.9790,1.2341
GTO,500,44,181.9666,0.9933
WOA,500,44,221.6998,2.0869
GWO,500,44,273.1907,1.0985
HHO,500,44,207.0795,1.1702
DBO,500,44,222.6916,0.9883
PSO,500,44,359.4901,1.6375
AOA,500,44,326.8813,1.6848
LSCBO-LS-final,500,45,36.4176,0.0457
LSCBO-LS-wrong,500,45,36.3394,0.0509
CBO,500,45,218.3326,1.0832
GTO,500,45,145.3562,0.8838
WOA,500,45,168.0016,0.8367
GWO,500,45,135.5973,0.7763
HHO,500,45,142.1924,0.9647
DBO,500,45,150.8144,0.7885
PSO,500,45,270.6281,1.3267
AOA,500,45,188.5011,1.2453
LSCBO-LS-final,500,46,56.0427,0.1564
LSCBO-LS-wrong,500,46,43.4568,0.0258
CBO,500,46,315.3457,0.9942
GTO,500,46,197.2511,0.8763
WOA,500,46,209.6685,0.8226
GWO,500,46,224.9263,0.8624
HHO,500,46,212.8139,0.8714
DBO,500,46,190.1355,0.8022
PSO,500,46,241.9494,0.9891
AOA,500,46,270.7328,1.3000
LSCBO-LS-final,500,47,41.8210,0.0569
LSCBO-LS-wrong,500,47,42.6418,0.0463
CBO,500,47,339.9236,1.3445
GTO,500,47,242.2830,1.0324
WOA,500,47,145.7161,0.8664
GWO,500,47,295.0754,1.1681
HHO,500,47,300.4073,1.4803
DBO,500,47,217.8415,0.9037
PSO,500,47,316.9848,1.4576
AOA,500,47,321.4394,1.5055
LSCBO-LS-final,500,48,41.8271,0.0245
LSCBO-LS-wrong,500,48,47.6112,0.0926
CBO,500,48,198.0286,0.8876
GTO,500,48,126.7351,0.6572
WOA,500,48,176.2863,0.7969
GWO,500,48,161.0088,0.7012
HHO,500,48,182.0492,0.7854
DBO,500,48,210.1815,0.8208
PSO,500,48,227.4141,1.0145
AOA,500,48,222.1561,1.0880
LSCBO-LS-final,500,49,46.1076,0.1663
LSCBO-LS-wrong,500,49,46.1294,0.1066
CBO,500,49,143.9275,0.8545
GTO,500,49,162.0613,0.8758
WOA,500,49,196.2982,0.9334
GWO,500,49,147.9582,0.7228
HHO,500,49,227.9125,1.0185
DBO,500,49,183.7248,0.8395
PSO,500,49,223.7626,0.9369
AOA,500,49,259.9005,1.0036
LSCBO-LS-final,500,50,42.0071,0.0615
LSCBO-LS-wrong,500,50,41.4108,0.0406
CBO,500,50,434.7122,1.4487
GTO,500,50,180.6755,0.8614
WOA,500,50,144.6838,1.1555
GWO,500,50,190.8789,0.8847
HHO,500,50,165.5545,1.1603
DBO,500,50,183.7239,0.8620
PSO,500,50,359.7127,1.3937
AOA,500,50,211.2137,1.1182
LSCBO-LS-final,500,51,48.8981,0.0561
LSCBO-LS-wrong,500,51,51.0868,0.0903
CBO,500,51,165.2546,1.1868
GTO,500,51,174.9764,0.7364
WOA,500,51,183.0901,0.7006
GWO,500,51,141.8484,0.6920
HHO,500,51,206.7643,0.7445
DBO,500,51,221.5169,0.8389
PSO,500,51,269.2925,0.8614
AOA,500,51,233.2912,0.8483
LSCBO-LS-final,500,52,57.8436,0.2216
LSCBO-LS-wrong,500,52,54.8325,0.1265
CBO,500,52,303.7392,1.5390
GTO,500,52,266.5617,1.1026
WOA,500,52,305.0521,1.2215
GWO,500,52,267.9751,1.0448
HHO,500,52,263.0385,0.9795
DBO,500,52,343.8741,1.0324
PSO,500,52,286.4064,1.1230
AOA,500,52,340.2358,1.3636
LSCBO-LS-final,500,53,55.8689,0.1682
LSCBO-LS-wrong,500,53,45.8923,0.0467
CBO,500,53,204.1908,0.8696
GTO,500,53,158.4503,0.6688
WOA,500,53,158.4503,0.6962
GWO,500,53,183.2997,0.7885
HHO,500,53,200.0050,0.9752
DBO,500,53,156.7640,0.6598
PSO,500,53,203.7764,0.7452
AOA,500,53,204.0739,0.7645
LSCBO-LS-final,500,54,47.6106,0.0568
LSCBO-LS-wrong,500,54,45.8480,0.0379
CBO,500,54,251.8024,0.8460
GTO,500,54,126.9037,0.6341
WOA,500,54,227.8455,0.8810
GWO,500,54,170.0573,0.7741
HHO,500,54,219.4976,0.9397
DBO,500,54,219.3692,0.8534
PSO,500,54,232.7295,1.0698
AOA,500,54,192.4186,1.0442
LSCBO-LS-final,500,55,56.5254,0.1637
LSCBO-LS-wrong,500,55,47.4367,0.0405
CBO,500,55,163.5614,0.8818
GTO,500,55,175.0263,0.7232
WOA,500,55,152.4297,0.7460
GWO,500,55,153.3935,0.7254
HHO,500,55,161.9122,0.7589
DBO,500,55,189.7611,0.7595
PSO,500,55,226.8381,0.8028
AOA,500,55,188.2917,0.7586
LSCBO-LS-final,500,56,42.9367,0.0368
LSCBO-LS-wrong,500,56,43.9647,0.0499
CBO,500,56,323.1469,1.1516
GTO,500,56,167.9156,1.0101
WOA,500,56,185.7464,1.2807
GWO,500,56,154.2529,0.7861
HHO,500,56,154.1831,0.9296
DBO,500,56,262.5039,0.9957
PSO,500,56,351.5536,1.4412
AOA,500,56,242.5796,1.2716
LSCBO-LS-final,500,57,43.8975,0.0417
LSCBO-LS-wrong,500,57,51.3814,0.1177
CBO,500,57,251.7282,1.0351
GTO,500,57,211.8721,0.8181
WOA,500,57,184.2795,0.7961
GWO,500,57,255.3587,0.9902
HHO,500,57,183.8203,0.9185
DBO,500,57,199.8849,0.8304
PSO,500,57,280.3085,0.8841
AOA,500,57,251.3486,0.9824
LSCBO-LS-final,500,58,41.5084,0.0390
LSCBO-LS-wrong,500,58,42.7918,0.0526
CBO,500,58,198.9010,0.8449
GTO,500,58,134.4839,0.7546
WOA,500,58,172.5513,0.8282
GWO,500,58,161.3457,0.8453
HHO,500,58,155.9760,0.7919
DBO,500,58,135.2178,0.6464
PSO,500,58,168.6957,0.8337
AOA,500,58,205.7515,1.1177
LSCBO-LS-final,500,59,43.3568,0.0844
LSCBO-LS-wrong,500,59,40.5767,0.0387
CBO,500,59,165.4344,0.9191
GTO,500,59,156.1797,0.7048
WOA,500,59,160.0194,0.8196
GWO,500,59,161.4078,0.8632
HHO,500,59,155.1553,0.7740
DBO,500,59,160.2618,0.7499
PSO,500,59,199.6543,0.7831
AOA,500,59,194.8495,0.8243
LSCBO-LS-final,500,60,43.4836,0.0801
LSCBO-LS-wrong,500,60,43.4836,0.0801
CBO,500,60,183.9000,0.7471
GTO,500,60,140.9547,1.0126
WOA,500,60,116.2968,0.9464
GWO,500,60,148.2308,0.6884
HHO,500,60,143.9861,1.1640
DBO,500,60,132.0941,0.6587
PSO,500,60,183.9000,0.7471
AOA,500,60,164.1841,0.9946
LSCBO-LS-final,500,61,58.1555,0.1184
LSCBO-LS-wrong,500,61,57.3867,0.0903
CBO,500,61,230.1374,1.0117
GTO,500,61,222.0394,0.7560
WOA,500,61,234.9713,0.8734
GWO,500,61,197.6995,0.7156
HHO,500,61,206.9228,0.8449
DBO,500,61,270.3233,0.9064
PSO,500,61,332.9330,0.9825
AOA,500,61,329.6816,0.9485
LSCBO-LS-final,500,62,35.7429,0.0153
LSCBO-LS-wrong,500,62,38.2483,0.0402
CBO,500,62,131.2071,0.7040
GTO,500,62,63.6887,0.3662
WOA,500,62,92.7658,0.7875
GWO,500,62,95.9719,0.6164
HHO,500,62,82.7881,0.5643
DBO,500,62,103.0339,0.5910
PSO,500,62,146.2580,0.7433
AOA,500,62,144.6630,0.9131
LSCBO-LS-final,500,63,55.7100,0.1003
LSCBO-LS-wrong,500,63,51.0847,0.0644
CBO,500,63,497.5805,1.3520
GTO,500,63,450.1773,1.2450
WOA,500,63,436.4844,1.1934
GWO,500,63,520.2906,1.2997
HHO,500,63,523.7439,1.3029
DBO,500,63,397.2821,1.1262
PSO,500,63,508.0354,1.2876
AOA,500,63,472.5937,1.3005
LSCBO-LS-final,500,64,59.1665,0.0783
LSCBO-LS-wrong,500,64,55.9097,0.0512
CBO,500,64,228.3599,0.7290
GTO,500,64,128.6787,0.5550
WOA,500,64,187.9945,0.6641
GWO,500,64,212.6582,0.7765
HHO,500,64,181.5956,0.7035
DBO,500,64,178.0083,0.6277
PSO,500,64,205.1740,0.6814
AOA,500,64,200.7972,0.7644
LSCBO-LS-final,500,65,51.9660,0.1102
LSCBO-LS-wrong,500,65,47.6389,0.0762
CBO,500,65,422.0123,1.1912
GTO,500,65,221.2827,0.9358
WOA,500,65,232.1020,1.1169
GWO,500,65,219.4819,0.9023
HHO,500,65,337.1380,1.3446
DBO,500,65,235.9855,0.9403
PSO,500,65,343.4361,1.5235
AOA,500,65,347.0164,1.5844
LSCBO-LS-final,500,66,42.4898,0.0443
LSCBO-LS-wrong,500,66,43.2297,0.0598
CBO,500,66,200.0038,1.3751
GTO,500,66,152.7858,0.7461
WOA,500,66,201.2417,0.9363
GWO,500,66,209.1543,0.9414
HHO,500,66,222.4305,0.9258
DBO,500,66,217.9169,0.8619
PSO,500,66,295.9787,1.2106
AOA,500,66,268.8664,1.1404
LSCBO-LS-final,500,67,52.1666,0.1543
LSCBO-LS-wrong,500,67,52.1666,0.1543
CBO,500,67,326.8449,1.1343
GTO,500,67,184.3348,0.9459
WOA,500,67,215.4248,0.8689
GWO,500,67,142.3160,0.6531
HHO,500,67,182.2537,1.1893
DBO,500,67,160.9346,0.7025
PSO,500,67,290.2550,1.2276
AOA,500,67,219.2803,1.0906
LSCBO-LS-final,500,68,40.6245,0.0325
LSCBO-LS-wrong,500,68,40.5920,0.0284
CBO,500,68,147.0819,0.8214
GTO,500,68,110.9394,0.5856
WOA,500,68,147.6276,0.7867
GWO,500,68,126.3959,0.6461
HHO,500,68,131.4330,0.7688
DBO,500,68,123.4163,0.6240
PSO,500,68,164.7022,0.7137
AOA,500,68,159.8953,0.7503
LSCBO-LS-final,500,69,44.5330,0.0683
LSCBO-LS-wrong,500,69,40.8710,0.0231
CBO,500,69,132.9555,0.6836
GTO,500,69,100.0845,0.5512
WOA,500,69,110.4909,0.5986
GWO,500,69,87.9520,0.5171
HHO,500,69,106.3901,0.6498
DBO,500,69,102.0439,0.4942
PSO,500,69,128.1050,0.6754
AOA,500,69,124.6540,0.6558
LSCBO-LS-final,500,70,67.9807,0.3615
LSCBO-LS-wrong,500,70,51.7044,0.1052
CBO,500,70,167.4966,1.3046
GTO,500,70,207.3352,0.7965
WOA,500,70,293.2733,1.0761
GWO,500,70,301.2749,1.0513
HHO,500,70,243.6021,0.9905
DBO,500,70,273.6886,0.8320
PSO,500,70,219.8369,0.8806
AOA,500,70,363.7482,1.5991
LSCBO-LS-final,500,71,48.3243,0.0719
LSCBO-LS-wrong,500,71,48.3552,0.0705
CBO,500,71,263.9830,1.0920
GTO,500,71,125.7835,0.6503
WOA,500,71,250.7690,1.0304
GWO,500,71,167.8212,0.8071
HHO,500,71,198.2667,0.8759
DBO,500,71,211.4219,0.8604
PSO,500,71,206.1249,0.8938
AOA,500,71,236.5869,1.1629
LSCBO-LS-final,500,72,60.0050,0.1643
LSCBO-LS-wrong,500,72,59.2575,0.1701
CBO,500,72,722.8428,1.4728
GTO,500,72,348.4388,1.1520
WOA,500,72,376.2692,1.2881
GWO,500,72,404.0383,1.1996
HHO,500,72,486.6676,1.8863
DBO,500,72,603.8427,1.4276
PSO,500,72,536.5678,1.4077
AOA,500,72,376.6987,1.6162
LSCBO-LS-final,1000,43,115.6946,0.2613
LSCBO-LS-wrong,1000,43,137.7891,0.3236
CBO,1000,43,440.3697,0.8203
GTO,1000,43,304.7293,0.8244
WOA,1000,43,298.2541,0.7766
GWO,1000,43,434.7948,0.9900
HHO,1000,43,435.7137,0.9202
DBO,1000,43,379.1022,0.8603
PSO,1000,43,384.2421,0.8846
AOA,1000,43,476.6951,1.1696
LSCBO-LS-final,1000,44,187.9581,0.5503
LSCBO-LS-wrong,1000,44,115.4734,0.2454
CBO,1000,44,765.3991,1.4674
GTO,1000,44,569.5427,1.1962
WOA,1000,44,511.5628,2.4142
GWO,1000,44,668.8384,1.1885
HHO,1000,44,430.5490,2.6313
DBO,1000,44,618.7856,1.2009
PSO,1000,44,892.2395,1.5128
AOA,1000,44,773.1659,1.9365
LSCBO-LS-final,1000,45,132.0133,0.3913
LSCBO-LS-wrong,1000,45,94.5920,0.1769
CBO,1000,45,594.5510,1.1611
GTO,1000,45,343.6806,0.9908
WOA,1000,45,350.8762,1.1897
GWO,1000,45,283.3418,0.7617
HHO,1000,45,348.4910,0.9720
DBO,1000,45,443.3867,0.9650
PSO,1000,45,581.4022,1.2670
AOA,1000,45,529.2269,1.1588
LSCBO-LS-final,1000,46,240.0163,0.6204
LSCBO-LS-wrong,1000,46,150.9303,0.3258
CBO,1000,46,775.4004,1.2217
GTO,1000,46,414.5277,0.8634
WOA,1000,46,556.8207,0.9849
GWO,1000,46,445.0337,0.8549
HHO,1000,46,573.5730,1.2485
DBO,1000,46,599.9487,1.0510
PSO,1000,46,624.1446,1.1453
AOA,1000,46,603.2808,1.3386
LSCBO-LS-final,1000,47,130.9867,0.3132
LSCBO-LS-wrong,1000,47,130.3171,0.2812
CBO,1000,47,877.3139,1.2574
GTO,1000,47,538.7441,1.0014
WOA,1000,47,445.1995,1.1964
GWO,1000,47,769.6539,1.3330
HHO,1000,47,436.1652,1.1817
DBO,1000,47,615.4287,1.0659
PSO,1000,47,682.5556,1.4644
AOA,1000,47,719.8227,1.7529
LSCBO-LS-final,1000,48,127.3975,0.2955
LSCBO-LS-wrong,1000,48,125.1638,0.2559
CBO,1000,48,489.6754,0.8809
GTO,1000,48,295.4338,0.6930
WOA,1000,48,339.3547,0.9390
GWO,1000,48,366.7366,0.8654
HHO,1000,48,336.4888,0.8050
DBO,1000,48,374.9114,0.8014
PSO,1000,48,464.9973,1.0403
AOA,1000,48,470.4783,1.1343
LSCBO-LS-final,1000,49,112.6670,0.3515
LSCBO-LS-wrong,1000,49,131.5112,0.3109
CBO,1000,49,400.4762,1.0553
GTO,1000,49,367.6819,0.9870
WOA,1000,49,357.0705,0.9437
GWO,1000,49,374.1950,0.8734
HHO,1000,49,386.1997,0.9067
DBO,1000,49,455.1571,0.9177
PSO,1000,49,515.4648,1.0129
AOA,1000,49,755.3311,1.1731
LSCBO-LS-final,1000,50,130.4736,0.2995
LSCBO-LS-wrong,1000,50,122.4950,0.2719
CBO,1000,50,1036.3980,1.4186
GTO,1000,50,485.7948,1.0165
WOA,1000,50,317.9007,1.2432
GWO,1000,50,382.9942,0.8502
HHO,1000,50,303.1493,0.8785
DBO,1000,50,882.1304,1.2767
PSO,1000,50,772.8816,1.5835
AOA,1000,50,711.2949,1.5354
LSCBO-LS-final,1000,51,151.8443,0.3220
LSCBO-LS-wrong,1000,51,167.6338,0.3728
CBO,1000,51,363.3294,1.2456
GTO,1000,51,407.5714,0.8296
WOA,1000,51,373.5640,0.8773
GWO,1000,51,508.7773,0.9125
HHO,1000,51,478.2705,1.0158
DBO,1000,51,418.4814,0.8292
PSO,1000,51,542.7529,0.9070
AOA,1000,51,492.0335,0.8974
LSCBO-LS-final,1000,52,203.9105,0.4989
LSCBO-LS-wrong,1000,52,171.5707,0.3987
CBO,1000,52,730.1152,1.2123
GTO,1000,52,576.5522,1.0855
WOA,1000,52,622.9770,1.0765
GWO,1000,52,674.1741,1.1178
HHO,1000,52,547.7017,1.0351
DBO,1000,52,695.3272,1.0551
PSO,1000,52,677.9876,1.2990
AOA,1000,52,582.2244,1.1767
LSCBO-LS-final,1000,53,138.7221,0.3525
LSCBO-LS-wrong,1000,53,127.8148,0.2273
CBO,1000,53,439.8928,1.0210
GTO,1000,53,411.2469,0.8778
WOA,1000,53,339.1187,0.7348
GWO,1000,53,457.4108,0.9149
HHO,1000,53,454.1606,0.8632
DBO,1000,53,378.7578,0.7489
PSO,1000,53,544.2343,0.8352
AOA,1000,53,525.2985,0.8629
LSCBO-LS-final,1000,54,126.0665,0.2339
LSCBO-LS-wrong,1000,54,126.0665,0.2339
CBO,1000,54,487.4817,0.8074
GTO,1000,54,279.4632,0.6530
WOA,1000,54,375.4357,0.7549
GWO,1000,54,370.0303,0.8549
HHO,1000,54,378.2664,0.7543
DBO,1000,54,430.2869,0.8057
PSO,1000,54,438.0685,0.9398
AOA,1000,54,450.4854,1.1486
LSCBO-LS-final,1000,55,130.6006,0.2327
LSCBO-LS-wrong,1000,55,130.6006,0.2327
CBO,1000,55,340.8956,0.6944
GTO,1000,55,293.7426,0.7906
WOA,1000,55,322.1923,0.7599
GWO,1000,55,342.9881,0.7038
HHO,1000,55,332.5833,0.8309
DBO,1000,55,343.6518,0.7359
PSO,1000,55,400.5510,0.7756
AOA,1000,55,397.0882,0.7736
LSCBO-LS-final,1000,56,119.1843,0.2376
LSCBO-LS-wrong,1000,56,110.0723,0.1658
CBO,1000,56,799.7010,1.2849
GTO,1000,56,382.2905,1.0349
WOA,1000,56,348.3483,1.2083
GWO,1000,56,368.9504,0.8437
HHO,1000,56,352.4211,0.9129
DBO,1000,56,561.3607,1.0270
PSO,1000,56,610.3156,1.1736
AOA,1000,56,555.0842,1.3263
LSCBO-LS-final,1000,57,149.8251,0.3303
LSCBO-LS-wrong,1000,57,146.0724,0.3055
CBO,1000,57,556.1227,0.9785
GTO,1000,57,335.8380,0.8136
WOA,1000,57,414.0792,0.9894
GWO,1000,57,529.4710,1.0480
HHO,1000,57,477.0819,1.0305
DBO,1000,57,511.4436,0.9647
PSO,1000,57,606.4104,1.0081
AOA,1000,57,572.2611,0.9909
LSCBO-LS-final,1000,58,151.6581,0.3657
LSCBO-LS-wrong,1000,58,118.0039,0.2112
CBO,1000,58,422.3291,0.9169
GTO,1000,58,320.2843,0.7849
WOA,1000,58,350.0189,0.7905
GWO,1000,58,335.7034,0.7643
HHO,1000,58,316.8362,0.7674
DBO,1000,58,307.8481,0.7254
PSO,1000,58,393.0006,0.8682
AOA,1000,58,372.9250,0.9147
LSCBO-LS-final,1000,59,112.5133,0.2161
LSCBO-LS-wrong,1000,59,112.5133,0.2161
CBO,1000,59,368.9394,0.9062
GTO,1000,59,304.1458,0.7303
WOA,1000,59,307.5232,0.8034
GWO,1000,59,369.8749,0.9266
HHO,1000,59,294.6632,0.8538
DBO,1000,59,349.8944,0.8692
PSO,1000,59,377.3449,0.8794
AOA,1000,59,361.9560,0.8591
LSCBO-LS-final,1000,60,99.9889,0.1907
LSCBO-LS-wrong,1000,60,101.7794,0.1705
CBO,1000,60,722.6234,1.9711
GTO,1000,60,386.9602,0.9998
WOA,1000,60,320.4362,0.8714
GWO,1000,60,352.5951,0.9144
HHO,1000,60,344.8640,0.9385
DBO,1000,60,507.8890,0.8935
PSO,1000,60,781.0281,1.6141
AOA,1000,60,422.2158,1.0894
LSCBO-LS-final,1000,61,168.4048,0.3326
LSCBO-LS-wrong,1000,61,173.9816,0.3418
CBO,1000,61,511.6447,1.2530
GTO,1000,61,513.0101,0.8549
WOA,1000,61,491.4699,0.9191
GWO,1000,61,645.2806,0.9445
HHO,1000,61,584.0844,1.0252
DBO,1000,61,505.7598,0.8389
PSO,1000,61,645.2806,0.9445
AOA,1000,61,645.2806,0.9445
LSCBO-LS-final,1000,62,75.9003,0.0662
LSCBO-LS-wrong,1000,62,81.9441,0.1170
CBO,1000,62,270.0007,0.7323
GTO,1000,62,186.4422,0.5186
WOA,1000,62,211.7734,0.6206
GWO,1000,62,208.9407,0.7063
HHO,1000,62,186.9796,0.6518
DBO,1000,62,209.3834,0.5460
PSO,1000,62,299.3694,0.8216
AOA,1000,62,353.2593,1.0018
LSCBO-LS-final,1000,63,200.7947,0.4014
LSCBO-LS-wrong,1000,63,211.4828,0.4389
CBO,1000,63,1071.6691,1.2400
GTO,1000,63,832.8846,1.1695
WOA,1000,63,995.5562,1.2033
GWO,1000,63,1071.6691,1.2400
HHO,1000,63,1008.9793,1.4990
DBO,1000,63,1014.2108,1.2207
PSO,1000,63,1071.6691,1.2400
AOA,1000,63,993.1684,1.2551
LSCBO-LS-final,1000,64,162.4347,0.2765
LSCBO-LS-wrong,1000,64,150.7221,0.2434
CBO,1000,64,503.0694,0.8150
GTO,1000,64,348.1533,0.6675
WOA,1000,64,392.8889,0.7679
GWO,1000,64,329.7363,0.5851
HHO,1000,64,458.1067,0.7582
DBO,1000,64,345.4369,0.6195
PSO,1000,64,455.9571,0.7567
AOA,1000,64,548.8777,0.8974
LSCBO-LS-final,1000,65,172.5028,0.4065
LSCBO-LS-wrong,1000,65,150.9418,0.3585
CBO,1000,65,775.9822,1.1358
GTO,1000,65,541.1025,1.0709
WOA,1000,65,503.3653,0.9517
GWO,1000,65,502.9583,0.9609
HHO,1000,65,509.3091,1.0080
DBO,1000,65,548.1891,0.9573
PSO,1000,65,730.3555,1.4581
AOA,1000,65,732.5275,1.5824
LSCBO-LS-final,1000,66,144.6340,0.3703
LSCBO-LS-wrong,1000,66,128.0538,0.2932
CBO,1000,66,516.6790,1.4519
GTO,1000,66,418.9882,0.9465
WOA,1000,66,490.4733,1.1109
GWO,1000,66,493.6543,1.0116
HHO,1000,66,465.0396,1.0688
DBO,1000,66,501.5007,0.9959
PSO,1000,66,547.8101,1.0063
AOA,1000,66,536.0425,1.1050
LSCBO-LS-final,1000,67,130.3170,0.2675
LSCBO-LS-wrong,1000,67,121.0536,0.2558
CBO,1000,67,680.3987,1.1134
GTO,1000,67,394.3179,0.9239
WOA,1000,67,347.0369,0.9477
GWO,1000,67,360.3621,0.9007
HHO,1000,67,415.4748,1.2029
DBO,1000,67,422.3900,0.8516
PSO,1000,67,582.5785,1.2150
AOA,1000,67,522.4430,1.1539
LSCBO-LS-final,1000,68,98.0517,0.1368
LSCBO-LS-wrong,1000,68,110.1562,0.2014
CBO,1000,68,320.0332,0.6738
GTO,1000,68,238.4122,0.5773
WOA,1000,68,272.5389,0.6484
GWO,1000,68,258.8233,0.6582
HHO,1000,68,257.9461,0.7238
DBO,1000,68,244.9537,0.5913
PSO,1000,68,297.7339,0.6663
AOA,1000,68,314.3784,0.6876
LSCBO-LS-final,1000,69,107.6623,0.2247
LSCBO-LS-wrong,1000,69,107.2259,0.1888
CBO,1000,69,248.4868,0.6784
GTO,1000,69,227.1753,0.6049
WOA,1000,69,260.0888,0.6828
GWO,1000,69,205.8908,0.5614
HHO,1000,69,243.0266,0.6623
DBO,1000,69,237.6619,0.5797
PSO,1000,69,264.9372,0.7073
AOA,1000,69,330.7085,0.9210
LSCBO-LS-final,1000,70,176.8840,0.6619
LSCBO-LS-wrong,1000,70,126.9631,0.2423
CBO,1000,70,370.8714,1.1510
GTO,1000,70,472.6229,0.9638
WOA,1000,70,480.4877,0.9500
GWO,1000,70,704.0841,1.1856
HHO,1000,70,463.9561,0.9373
DBO,1000,70,629.7970,0.9939
PSO,1000,70,659.6268,1.1910
AOA,1000,70,802.2392,1.7657
LSCBO-LS-final,1000,71,229.4995,0.6313
LSCBO-LS-wrong,1000,71,132.5183,0.2356
CBO,1000,71,562.8339,1.1432
GTO,1000,71,411.6733,0.9194
WOA,1000,71,463.7926,0.9144
GWO,1000,71,350.4621,0.7368
HHO,1000,71,452.1414,1.0107
DBO,1000,71,455.4240,0.8407
PSO,1000,71,430.5597,0.9524
AOA,1000,71,553.2589,1.1473
LSCBO-LS-final,1000,72,247.2304,0.5560
LSCBO-LS-wrong,1000,72,248.0078,0.5294
CBO,1000,72,1622.7668,1.5342
GTO,1000,72,729.1182,1.1431
WOA,1000,72,688.8389,1.1936
GWO,1000,72,1013.5325,1.3471
HHO,1000,72,907.9511,2.2258
DBO,1000,72,963.6666,1.2352
PSO,1000,72,1579.2598,1.6959
AOA,1000,72,749.4941,1.5374
LSCBO-LS-final,2000,43,560.2706,0.8022
LSCBO-LS-wrong,2000,43,373.0240,0.4976
CBO,2000,43,1145.5633,1.1039
GTO,2000,43,633.3744,0.8252
WOA,2000,43,748.6987,0.9236
GWO,2000,43,1038.1143,1.0424
HHO,2000,43,940.0674,0.9428
DBO,2000,43,898.6428,0.9508
PSO,2000,43,896.4029,1.0507
AOA,2000,43,1022.6960,1.1808
LSCBO-LS-final,2000,44,424.6801,0.6678
LSCBO-LS-wrong,2000,44,421.1891,0.5934
CBO,2000,44,1911.7836,1.5669
GTO,2000,44,987.4750,1.1270
WOA,2000,44,834.4592,2.5297
GWO,2000,44,1925.6731,1.5320
HHO,2000,44,1030.3332,2.3930
DBO,2000,44,1695.4206,1.3805
PSO,2000,44,1619.2779,1.5821
AOA,2000,44,1514.2479,1.8815
LSCBO-LS-final,2000,45,448.7519,0.7245
LSCBO-LS-wrong,2000,45,369.1134,0.5174
CBO,2000,45,1164.6097,1.1064
GTO,2000,45,784.0491,1.0261
WOA,2000,45,638.3192,1.0703
GWO,2000,45,606.6611,0.8636
HHO,2000,45,670.6229,0.9738
DBO,2000,45,942.9415,1.0298
PSO,2000,45,857.8873,1.0411
AOA,2000,45,934.6661,1.1193
LSCBO-LS-final,2000,46,580.3190,0.7493
LSCBO-LS-wrong,2000,46,437.7222,0.5202
CBO,2000,46,1520.2884,1.1471
GTO,2000,46,906.6007,0.9764
WOA,2000,46,1188.8217,1.0914
GWO,2000,46,883.2599,0.9478
HHO,2000,46,1197.8764,1.1965
DBO,2000,46,1234.2987,1.0602
PSO,2000,46,1274.2538,1.2309
AOA,2000,46,1336.6138,1.4150
LSCBO-LS-final,2000,47,658.5026,0.9013
LSCBO-LS-wrong,2000,47,466.5801,0.5911
CBO,2000,47,1818.5879,1.3248
GTO,2000,47,1269.4666,1.2937
WOA,2000,47,851.6569,1.2220
GWO,2000,47,1818.5879,1.3248
HHO,2000,47,1038.8174,1.1176
DBO,2000,47,1353.5492,1.1312
PSO,2000,47,1427.6418,1.5159
AOA,2000,47,1524.2569,1.7349
LSCBO-LS-final,2000,48,404.0366,0.5498
LSCBO-LS-wrong,2000,48,374.8001,0.4927
CBO,2000,48,1117.4427,0.9707
GTO,2000,48,716.3722,0.8412
WOA,2000,48,858.1724,0.8746
GWO,2000,48,798.6999,0.8901
HHO,2000,48,803.5108,0.9264
DBO,2000,48,800.3543,0.8269
PSO,2000,48,1084.8622,1.1733
AOA,2000,48,1026.8136,1.2476
LSCBO-LS-final,2000,49,376.8038,0.5762
LSCBO-LS-wrong,2000,49,401.5294,0.5323
CBO,2000,49,849.7911,1.0904
GTO,2000,49,905.3504,0.9996
WOA,2000,49,814.3074,0.9407
GWO,2000,49,523.0517,0.7145
HHO,2000,49,880.2505,0.9533
DBO,2000,49,1011.0314,0.9547
PSO,2000,49,1541.4437,1.1687
AOA,2000,49,1545.2614,1.2119
LSCBO-LS-final,2000,50,326.7696,0.4304
LSCBO-LS-wrong,2000,50,425.8943,0.5740
CBO,2000,50,2191.4317,1.3978
GTO,2000,50,1259.3917,1.2945
WOA,2000,50,1128.6959,1.2147
GWO,2000,50,827.6314,0.9736
HHO,2000,50,620.1994,1.2073
DBO,2000,50,1734.0506,1.2735
PSO,2000,50,1567.9744,1.6556
AOA,2000,50,1479.8513,1.5824
LSCBO-LS-final,2000,51,444.6901,0.5135
LSCBO-LS-wrong,2000,51,431.2922,0.5010
CBO,2000,51,762.1124,1.3249
GTO,2000,51,799.3260,0.7789
WOA,2000,51,923.6953,0.8533
GWO,2000,51,1018.9657,0.8655
HHO,2000,51,909.1075,0.8436
DBO,2000,51,914.3759,0.8420
PSO,2000,51,1018.9657,0.8655
AOA,2000,51,999.4596,0.8799
LSCBO-LS-final,2000,52,484.0434,0.6225
LSCBO-LS-wrong,2000,52,723.6906,0.7780
CBO,2000,52,1461.8656,1.2011
GTO,2000,52,1027.4769,0.9723
WOA,2000,52,1056.9563,1.0189
GWO,2000,52,1369.1003,1.1043
HHO,2000,52,1270.6142,1.0151
DBO,2000,52,1858.7362,1.1865
PSO,2000,52,1462.2883,1.2874
AOA,2000,52,1563.7344,1.4172
LSCBO-LS-final,2000,53,331.5661,0.3694
LSCBO-LS-wrong,2000,53,326.1765,0.3770
CBO,2000,53,1002.6841,1.2153
GTO,2000,53,978.6208,0.7916
WOA,2000,53,870.2088,1.0032
GWO,2000,53,1255.8782,0.9518
HHO,2000,53,1093.8510,1.0881
DBO,2000,53,1100.8019,0.8498
PSO,2000,53,1288.7599,0.9086
AOA,2000,53,1244.5864,0.9919
LSCBO-LS-final,2000,54,391.6508,0.5039
LSCBO-LS-wrong,2000,54,346.2168,0.4169
CBO,2000,54,1211.7386,0.9363
GTO,2000,54,796.0292,0.8770
WOA,2000,54,1005.6293,1.0927
GWO,2000,54,741.4046,0.9323
HHO,2000,54,901.4892,1.0008
DBO,2000,54,955.3938,0.8627
PSO,2000,54,1053.3802,1.0849
AOA,2000,54,1187.3872,1.2932
LSCBO-LS-final,2000,55,323.1672,0.3708
LSCBO-LS-wrong,2000,55,325.7431,0.3754
CBO,2000,55,736.7813,0.6920
GTO,2000,55,551.8408,0.6899
WOA,2000,55,568.9394,0.8526
GWO,2000,55,805.6642,0.7674
HHO,2000,55,660.3073,0.8262
DBO,2000,55,712.2391,0.7483
PSO,2000,55,824.6520,0.7504
AOA,2000,55,791.2730,0.7679
LSCBO-LS-final,2000,56,426.6458,0.5392
LSCBO-LS-wrong,2000,56,380.4257,0.4576
CBO,2000,56,1879.9462,1.2740
GTO,2000,56,1348.1163,1.3856
WOA,2000,56,625.4495,0.9383
GWO,2000,56,1879.9462,1.2740
HHO,2000,56,704.7146,1.0776
DBO,2000,56,1667.1142,1.1945
PSO,2000,56,1544.7269,1.5754
AOA,2000,56,1570.0330,1.6696
LSCBO-LS-final,2000,57,479.4945,0.6019
LSCBO-LS-wrong,2000,57,470.2346,0.5953
CBO,2000,57,1231.9218,1.0614
GTO,2000,57,880.5075,0.9786
WOA,2000,57,945.0529,0.9304
GWO,2000,57,1243.1251,1.0303
HHO,2000,57,1005.4919,1.0571
DBO,2000,57,1024.1420,0.9620
PSO,2000,57,1243.1251,1.0303
AOA,2000,57,1236.3011,1.0184
LSCBO-LS-final,2000,58,419.7466,0.5973
LSCBO-LS-wrong,2000,58,375.2175,0.4888
CBO,2000,58,777.7443,0.8532
GTO,2000,58,629.6520,0.7958
WOA,2000,58,707.4741,0.8425
GWO,2000,58,656.6117,0.8477
HHO,2000,58,604.6462,0.7370
DBO,2000,58,665.8379,0.8023
PSO,2000,58,707.8247,0.8494
AOA,2000,58,773.7203,0.9088
LSCBO-LS-final,2000,59,373.5491,0.5837
LSCBO-LS-wrong,2000,59,355.7921,0.4872
CBO,2000,59,726.4284,0.9756
GTO,2000,59,672.6132,0.7848
WOA,2000,59,629.1605,0.7994
GWO,2000,59,764.6860,0.8944
HHO,2000,59,743.7840,0.9644
DBO,2000,59,666.8882,0.8342
PSO,2000,59,824.4384,0.8889
AOA,2000,59,799.1069,0.8683
LSCBO-LS-final,2000,60,281.7328,0.4024
LSCBO-LS-wrong,2000,60,289.9048,0.3831
CBO,2000,60,1991.0710,1.4682
GTO,2000,60,923.9699,1.0465
WOA,2000,60,499.0401,1.0452
GWO,2000,60,769.8835,0.9188
HHO,2000,60,604.6513,0.9406
DBO,2000,60,1456.8759,1.2233
PSO,2000,60,1589.0487,1.7370
AOA,2000,60,1116.0087,1.3044
LSCBO-LS-final,2000,61,489.2712,0.5090
LSCBO-LS-wrong,2000,61,490.7130,0.5283
CBO,2000,61,1272.3932,1.4648
GTO,2000,61,1060.6027,0.8794
WOA,2000,61,1201.6344,0.9062
GWO,2000,61,1353.9898,0.9875
HHO,2000,61,1071.1605,0.9932
DBO,2000,61,1221.6324,0.9264
PSO,2000,61,1353.9898,0.9875
AOA,2000,61,1353.9898,0.9875
LSCBO-LS-final,2000,62,205.4728,0.2438
LSCBO-LS-wrong,2000,62,193.6707,0.2222
CBO,2000,62,641.2809,0.6026
GTO,2000,62,439.6872,0.9031
WOA,2000,62,434.0689,0.8089
GWO,2000,62,435.0083,0.6929
HHO,2000,62,417.2845,0.6765
DBO,2000,62,412.1819,0.4886
PSO,2000,62,512.4175,0.6424
AOA,2000,62,615.5470,0.9175
LSCBO-LS-final,2000,63,736.6250,0.7800
LSCBO-LS-wrong,2000,63,723.2581,0.7785
CBO,2000,63,2656.4592,1.4042
GTO,2000,63,1765.5266,1.3840
WOA,2000,63,2013.6426,1.2584
GWO,2000,63,2722.3234,1.3584
HHO,2000,63,1891.6682,1.2150
DBO,2000,63,1713.0166,1.1767
PSO,2000,63,2722.3234,1.3584
AOA,2000,63,2718.3761,1.4505
LSCBO-LS-final,2000,64,445.3827,0.4620
LSCBO-LS-wrong,2000,64,475.2360,0.4763
CBO,2000,64,1145.8106,0.8284
GTO,2000,64,791.8555,0.7133
WOA,2000,64,919.8683,0.8243
GWO,2000,64,997.9562,0.8209
HHO,2000,64,949.1665,0.9439
DBO,2000,64,826.8701,0.6973
PSO,2000,64,1080.2359,0.8139
AOA,2000,64,1080.1581,0.8658
LSCBO-LS-final,2000,65,448.4664,0.5683
LSCBO-LS-wrong,2000,65,481.5836,0.5682
CBO,2000,65,2640.0108,1.3750
GTO,2000,65,1010.9154,1.0167
WOA,2000,65,961.6839,1.0246
GWO,2000,65,1235.5849,1.1062
HHO,2000,65,1329.1485,1.3537
DBO,2000,65,1551.0495,1.1342
PSO,2000,65,1472.7587,1.5007
AOA,2000,65,1605.1023,1.5958
LSCBO-LS-final,2000,66,364.5552,0.4710
LSCBO-LS-wrong,2000,66,402.6790,0.5332
CBO,2000,66,1125.1964,1.5643
GTO,2000,66,903.7124,1.0602
WOA,2000,66,767.8360,0.9339
GWO,2000,66,1158.9969,1.1684
HHO,2000,66,1026.6441,1.1794
DBO,2000,66,1048.1009,1.0060
PSO,2000,66,1203.8080,1.1427
AOA,2000,66,1559.7920,1.7170
LSCBO-LS-final,2000,67,395.8862,0.5652
LSCBO-LS-wrong,2000,67,450.2910,0.5720
CBO,2000,67,1501.3666,1.1926
GTO,2000,67,819.0106,0.9547
WOA,2000,67,913.0873,1.0308
GWO,2000,67,703.0597,0.9003
HHO,2000,67,665.3840,0.9657
DBO,2000,67,1164.9728,1.0427
PSO,2000,67,1248.9367,1.3566
AOA,2000,67,916.8293,1.0577
LSCBO-LS-final,2000,68,268.5321,0.3308
LSCBO-LS-wrong,2000,68,277.1489,0.3545
CBO,2000,68,708.8329,0.7273
GTO,2000,68,555.6003,0.6751
WOA,2000,68,580.4780,0.6334
GWO,2000,68,575.0307,0.7066
HHO,2000,68,585.8510,0.6743
DBO,2000,68,492.9825,0.5966
PSO,2000,68,708.8329,0.7273
AOA,2000,68,687.5275,0.7678
LSCBO-LS-final,2000,69,280.3792,0.3685
LSCBO-LS-wrong,2000,69,262.8156,0.3146
CBO,2000,69,578.0072,0.7317
GTO,2000,69,465.8811,0.6222
WOA,2000,69,444.3438,0.6687
GWO,2000,69,459.3249,0.6052
HHO,2000,69,459.7765,0.6232
DBO,2000,69,549.4084,0.6224
PSO,2000,69,528.0715,0.6813
AOA,2000,69,647.1899,0.8413
LSCBO-LS-final,2000,70,472.9127,0.9009
LSCBO-LS-wrong,2000,70,462.0225,0.5445
CBO,2000,70,765.3203,1.2019
GTO,2000,70,1091.7223,1.0858
WOA,2000,70,1035.1318,1.0445
GWO,2000,70,1391.6627,1.2111
HHO,2000,70,987.6207,1.0838
DBO,2000,70,1453.2595,1.1476
PSO,2000,70,1373.4570,1.1506
AOA,2000,70,1620.3045,1.6777
LSCBO-LS-final,2000,71,516.7885,0.6181
LSCBO-LS-wrong,2000,71,386.5763,0.4577
CBO,2000,71,1121.0691,1.0598
GTO,2000,71,889.3892,0.9144
WOA,2000,71,930.7298,0.9649
GWO,2000,71,901.3649,0.8698
HHO,2000,71,1021.9731,2.3624
DBO,2000,71,970.7919,0.8725
PSO,2000,71,992.8058,1.0256
AOA,2000,71,1245.7442,1.1501
LSCBO-LS-final,2000,72,1171.8671,1.1103
LSCBO-LS-wrong,2000,72,859.5204,0.8592
CBO,2000,72,3474.4739,1.4901
GTO,2000,72,1988.4747,1.5923
WOA,2000,72,1828.7783,1.4359
GWO,2000,72,2011.6536,1.3008
HHO,2000,72,1409.4808,1.2536
DBO,2000,72,2627.4422,1.3568
PSO,2000,72,2629.2362,1.5313
AOA,2000,72,1594.7011,1.6054
LSCBO-LS-final,5000,43,1259.3379,0.6943
LSCBO-LS-wrong,5000,43,1522.1022,0.7518
CBO,5000,43,3001.4263,1.0118
GTO,5000,43,1775.6258,0.9039
WOA,5000,43,2489.1235,1.1294
GWO,5000,43,2732.4941,1.0837
HHO,5000,43,2456.3309,1.0506
DBO,5000,43,2208.0884,0.8986
PSO,5000,43,2355.1406,1.0552
AOA,5000,43,3236.5544,1.4374
LSCBO-LS-final,5000,44,2595.5531,1.2801
LSCBO-LS-wrong,5000,44,3642.3373,1.5452
CBO,5000,44,5220.1203,1.9456
GTO,5000,44,3684.0445,1.2981
WOA,5000,44,2394.4705,2.3321
GWO,5000,44,5091.5514,1.5669
HHO,5000,44,2029.7968,2.3051
DBO,5000,44,5090.1075,1.4983
PSO,5000,44,4880.3277,1.7437
AOA,5000,44,4335.2406,2.0279
LSCBO-LS-final,5000,45,1561.1129,0.9423
LSCBO-LS-wrong,5000,45,1562.2861,0.8209
CBO,5000,45,4016.1872,1.1374
GTO,5000,45,2304.2111,1.0375
WOA,5000,45,2152.9924,1.1938
GWO,5000,45,1964.1697,0.9592
HHO,5000,45,1760.1522,1.1499
DBO,5000,45,3632.6915,1.0945
PSO,5000,45,3002.4631,1.3136
AOA,5000,45,2585.1255,1.1105
LSCBO-LS-final,5000,46,2069.7217,0.9419
LSCBO-LS-wrong,5000,46,2363.8146,0.9149
CBO,5000,46,4314.5282,1.1852
GTO,5000,46,2297.4550,1.0245
WOA,5000,46,2797.2487,1.1005
GWO,5000,46,2132.7659,1.0039
HHO,5000,46,2842.3012,1.2664
DBO,5000,46,3523.4729,1.1672
PSO,5000,46,3177.2192,1.2434
AOA,5000,46,3063.8048,1.2866
LSCBO-LS-final,5000,47,1597.4108,0.8785
LSCBO-LS-wrong,5000,47,1618.7967,0.9424
CBO,5000,47,5950.7573,1.4079
GTO,5000,47,4116.9168,1.6776
WOA,5000,47,2938.7424,1.5010
GWO,5000,47,4831.0816,1.4452
HHO,5000,47,2710.2246,1.4856
DBO,5000,47,4822.2004,1.3590
PSO,5000,47,3626.1447,1.5700
AOA,5000,47,3986.2851,1.6811
LSCBO-LS-final,5000,48,1843.1941,0.9458
LSCBO-LS-wrong,5000,48,1598.7375,0.7488
CBO,5000,48,3414.9715,1.0491
GTO,5000,48,2182.3611,0.9597
WOA,5000,48,2288.1108,1.0950
GWO,5000,48,2178.2678,0.9853
HHO,5000,48,2259.6501,0.9291
DBO,5000,48,2631.7316,0.9260
PSO,5000,48,3117.6006,1.2534
AOA,5000,48,2941.9063,1.3905
LSCBO-LS-final,5000,49,1453.1313,0.7583
LSCBO-LS-wrong,5000,49,1737.4714,0.8207
CBO,5000,49,2202.8702,1.0303
GTO,5000,49,2520.5362,1.0702
WOA,5000,49,1991.9216,0.9584
GWO,5000,49,2192.3576,0.8547
HHO,5000,49,2321.6356,1.0389
DBO,5000,49,3239.1104,1.0959
PSO,5000,49,4396.7944,1.2028
AOA,5000,49,4352.7393,1.2925
LSCBO-LS-final,5000,50,2110.5460,1.1113
LSCBO-LS-wrong,5000,50,2025.0274,1.1489
CBO,5000,50,6761.1711,1.6071
GTO,5000,50,3248.2211,1.2673
WOA,5000,50,2477.9809,1.4932
GWO,5000,50,2486.4459,1.1177
HHO,5000,50,1719.3097,1.2523
DBO,5000,50,5961.8473,1.5205
PSO,5000,50,4238.6850,1.7377
AOA,5000,50,3962.4086,1.5440
LSCBO-LS-final,5000,51,1815.1337,0.7642
LSCBO-LS-wrong,5000,51,1684.2617,0.7360
CBO,5000,51,1994.5946,1.3000
GTO,5000,51,2485.4521,0.9045
WOA,5000,51,2539.4796,0.9065
GWO,5000,51,2792.0259,0.9302
HHO,5000,51,2524.5524,0.9083
DBO,5000,51,2558.5344,0.9113
PSO,5000,51,2792.0259,0.9302
AOA,5000,51,2723.1516,0.9427
LSCBO-LS-final,5000,52,2150.7756,0.8774
LSCBO-LS-wrong,5000,52,3464.8388,1.2723
CBO,5000,52,4379.7396,1.3038
GTO,5000,52,3066.4617,1.0265
WOA,5000,52,2981.4000,1.1106
GWO,5000,52,4957.2040,1.2172
HHO,5000,52,3219.8268,1.1403
DBO,5000,52,4652.6653,1.1725
PSO,5000,52,3819.3140,1.3215
AOA,5000,52,5422.0962,1.6726
LSCBO-LS-final,5000,53,2222.1093,1.1289
LSCBO-LS-wrong,5000,53,1505.5846,0.6265
CBO,5000,53,2851.3330,1.3691
GTO,5000,53,2658.3390,1.0590
WOA,5000,53,2018.2146,0.8913
GWO,5000,53,3080.9899,0.9575
HHO,5000,53,3188.7673,1.0224
DBO,5000,53,3191.4770,1.0268
PSO,5000,53,4272.8181,1.0820
AOA,5000,53,4197.1420,1.1668
LSCBO-LS-final,5000,54,1565.1627,0.7954
LSCBO-LS-wrong,5000,54,1459.1280,0.6362
CBO,5000,54,3180.2461,0.9888
GTO,5000,54,1797.1369,0.8482
WOA,5000,54,2431.4750,1.0456
GWO,5000,54,2139.4752,0.9602
HHO,5000,54,2138.0587,1.0969
DBO,5000,54,2475.6112,0.8877
PSO,5000,54,2659.6287,1.0993
AOA,5000,54,3024.8237,1.2592
LSCBO-LS-final,5000,55,1275.3290,0.5889
LSCBO-LS-wrong,5000,55,1208.5840,0.5695
CBO,5000,55,2259.6953,0.7805
GTO,5000,55,1791.1105,0.7767
WOA,5000,55,1510.4359,0.8570
GWO,5000,55,2259.6953,0.7805
HHO,5000,55,1724.7646,0.8185
DBO,5000,55,2140.9699,0.7604
PSO,5000,55,2259.6953,0.7805
AOA,5000,55,2178.6582,0.7936
LSCBO-LS-final,5000,56,1992.6923,0.9649
LSCBO-LS-wrong,5000,56,1941.9848,0.8079
CBO,5000,56,6310.5009,1.5281
GTO,5000,56,3266.5793,1.2449
WOA,5000,56,2722.1929,1.1551
GWO,5000,56,2530.8052,1.0098
HHO,5000,56,1697.6414,1.0149
DBO,5000,56,5070.2111,1.3541
PSO,5000,56,3812.5561,1.4802
AOA,5000,56,3921.8721,1.6099
LSCBO-LS-final,5000,57,1715.8508,0.7989
LSCBO-LS-wrong,5000,57,1795.2036,0.8342
CBO,5000,57,3439.5477,1.0416
GTO,5000,57,2426.7860,1.1715
WOA,5000,57,2648.7758,1.1861
GWO,5000,57,3439.5477,1.0416
HHO,5000,57,2257.9528,1.0449
DBO,5000,57,3197.1811,1.0271
PSO,5000,57,3439.5477,1.0416
AOA,5000,57,3405.8847,1.0721
LSCBO-LS-final,5000,58,1222.1245,0.6907
LSCBO-LS-wrong,5000,58,1368.7278,0.7066
CBO,5000,58,2028.6528,0.8511
GTO,5000,58,1489.8472,0.7668
WOA,5000,58,1932.7729,0.8489
GWO,5000,58,1879.8297,0.8796
HHO,5000,58,1980.5096,0.8536
DBO,5000,58,1901.4140,0.8291
PSO,5000,58,1944.6975,0.8472
AOA,5000,58,1904.3399,0.9180
LSCBO-LS-final,5000,59,1292.1508,0.7044
LSCBO-LS-wrong,5000,59,1250.0459,0.6934
CBO,5000,59,1856.5993,0.8869
GTO,5000,59,1743.8634,0.8604
WOA,5000,59,1644.5863,0.8207
GWO,5000,59,2026.4705,0.9001
HHO,5000,59,1664.5066,0.8919
DBO,5000,59,1902.7131,0.8821
PSO,5000,59,2026.4705,0.9001
AOA,5000,59,2026.4705,0.9001
LSCBO-LS-final,5000,60,2151.4208,1.1087
LSCBO-LS-wrong,5000,60,1382.5856,0.6731
CBO,5000,60,5866.3023,1.7480
GTO,5000,60,2147.3988,1.0377
WOA,5000,60,1429.6841,1.1157
GWO,5000,60,2391.3037,1.1334
HHO,5000,60,1807.7423,0.9038
DBO,5000,60,4528.9859,1.3320
PSO,5000,60,4006.3007,1.6482
AOA,5000,60,2329.7688,1.1197
LSCBO-LS-final,5000,61,2000.8812,0.7328
LSCBO-LS-wrong,5000,61,2013.1725,0.7349
CBO,5000,61,3439.2708,0.9899
GTO,5000,61,2945.6926,0.9198
WOA,5000,61,2573.9335,0.8345
GWO,5000,61,3446.6369,0.9685
HHO,5000,61,3008.4404,1.0124
DBO,5000,61,3208.5562,0.9462
PSO,5000,61,3446.6369,0.9685
AOA,5000,61,3446.6369,0.9685
LSCBO-LS-final,5000,62,677.7790,0.4055
LSCBO-LS-wrong,5000,62,693.9529,0.3816
CBO,5000,62,2149.0041,1.3118
GTO,5000,62,1480.2196,0.8484
WOA,5000,62,1110.3243,0.8761
GWO,5000,62,1553.3540,0.8742
HHO,5000,62,918.2378,0.6469
DBO,5000,62,1629.8694,0.6424
PSO,5000,62,1867.5583,0.8649
AOA,5000,62,1938.1779,1.0098
LSCBO-LS-final,5000,63,3583.0592,1.1134
LSCBO-LS-wrong,5000,63,3396.4923,1.0908
CBO,5000,63,7474.9861,1.4279
GTO,5000,63,4999.7065,1.4716
WOA,5000,63,6387.4487,1.7573
GWO,5000,63,7474.9861,1.4279
HHO,5000,63,7247.8394,1.8663
DBO,5000,63,5742.1219,1.3216
PSO,5000,63,7474.9861,1.4279
AOA,5000,63,7384.5441,1.4789
LSCBO-LS-final,5000,64,1463.4509,0.5652
LSCBO-LS-wrong,5000,64,1472.3596,0.5703
CBO,5000,64,2982.1182,0.8428
GTO,5000,64,1981.7791,0.6727
WOA,5000,64,2351.3379,0.7990
GWO,5000,64,2982.1182,0.8428
HHO,5000,64,2645.7909,0.7777
DBO,5000,64,2644.3397,0.7765
PSO,5000,64,2938.2076,0.8688
AOA,5000,64,2751.0501,0.8482
LSCBO-LS-final,5000,65,2018.4588,1.0682
LSCBO-LS-wrong,5000,65,2240.7710,0.9077
CBO,5000,65,7606.1032,1.4219
GTO,5000,65,3402.7610,1.2935
WOA,5000,65,2530.8297,1.2828
GWO,5000,65,3413.9675,1.1434
HHO,5000,65,3419.3717,1.3307
DBO,5000,65,5749.2901,1.3023
PSO,5000,65,3802.9799,1.5848
AOA,5000,65,4127.4862,1.5921
LSCBO-LS-final,5000,66,2072.4600,0.9274
LSCBO-LS-wrong,5000,66,2265.1529,0.9475
CBO,5000,66,2981.9918,1.5760
GTO,5000,66,2348.6069,1.0629
WOA,5000,66,2424.9480,1.0694
GWO,5000,66,3298.4827,1.2851
HHO,5000,66,2889.0789,1.1968
DBO,5000,66,3635.2777,1.1574
PSO,5000,66,3503.4570,1.2112
AOA,5000,66,4255.3569,1.7085
LSCBO-LS-final,5000,67,1902.6757,1.0121
LSCBO-LS-wrong,5000,67,1803.5040,0.8275
CBO,5000,67,4337.8284,1.3252
GTO,5000,67,2226.5855,1.1456
WOA,5000,67,2649.3906,1.3780
GWO,5000,67,1958.3119,0.9624
HHO,5000,67,2094.3243,1.2000
DBO,5000,67,3064.5279,1.0664
PSO,5000,67,3118.7788,1.3431
AOA,5000,67,2012.8038,1.0720
LSCBO-LS-final,5000,68,937.4642,0.4780
LSCBO-LS-wrong,5000,68,1024.8324,0.5277
CBO,5000,68,1638.9501,0.7015
GTO,5000,68,1390.9515,0.6095
WOA,5000,68,1573.2700,0.6902
GWO,5000,68,1638.9501,0.7015
HHO,5000,68,1615.2002,0.7290
DBO,5000,68,1442.1692,0.6779
PSO,5000,68,1638.9501,0.7015
AOA,5000,68,1635.9508,0.7197
LSCBO-LS-final,5000,69,855.4443,0.4929
LSCBO-LS-wrong,5000,69,955.4460,0.4884
CBO,5000,69,1599.8644,0.6838
GTO,5000,69,1140.4538,0.6191
WOA,5000,69,1301.7897,0.6145
GWO,5000,69,1186.7077,0.6377
HHO,5000,69,1242.2735,0.6011
DBO,5000,69,1337.0259,0.6342
PSO,5000,69,1489.8886,0.7341
AOA,5000,69,1714.1439,0.8639
LSCBO-LS-final,5000,70,1433.0967,0.9627
LSCBO-LS-wrong,5000,70,2025.3813,0.8284
CBO,5000,70,2699.2598,1.2064
GTO,5000,70,3152.8768,1.1728
WOA,5000,70,3463.8415,1.0652
GWO,5000,70,3154.5778,1.1196
HHO,5000,70,2534.5372,0.9735
DBO,5000,70,4094.6944,1.1872
PSO,5000,70,3739.6329,1.2162
AOA,5000,70,4422.2789,1.6661
LSCBO-LS-final,5000,71,1685.6015,0.8619
LSCBO-LS-wrong,5000,71,1588.3197,0.6981
CBO,5000,71,3534.8499,1.1906
GTO,5000,71,2267.1700,0.8888
WOA,5000,71,2379.1337,0.9428
GWO,5000,71,3262.0451,0.9927
HHO,5000,71,2293.7389,1.0239
DBO,5000,71,2983.2700,0.9847
PSO,5000,71,3117.1361,1.2950
AOA,5000,71,3546.7453,1.4034
LSCBO-LS-final,5000,72,2820.1217,1.0466
LSCBO-LS-wrong,5000,72,3786.7335,1.1496
CBO,5000,72,9170.0435,1.5554
GTO,5000,72,5579.8775,1.5969
WOA,5000,72,4353.7083,1.4217
GWO,5000,72,6966.5671,1.5202
HHO,5000,72,3915.6081,1.9449
DBO,5000,72,7471.9876,1.4518
PSO,5000,72,6703.7342,1.5319
AOA,5000,72,4266.8464,1.6696
