Variant,TaskCount,Seed,Makespan,LoadBalanceRatio
base,200,43,63.6424,0.7125
noPhase1,200,43,62.4093,0.8355
noPhase2,200,43,63.6424,0.7125
noPhase3,200,43,63.6424,0.7125
pop50,200,43,73.5070,0.8024
LS-only,200,43,43.0853,0.5773
FULL,200,43,28.9740,0.3584
base,200,44,65.8814,0.7836
noPhase1,200,44,90.1441,0.9615
noPhase2,200,44,56.2776,0.8006
noPhase3,200,44,65.8814,0.7836
pop50,200,44,56.4469,0.8028
LS-only,200,44,20.4418,0.2818
FULL,200,44,42.8363,0.6741
base,200,45,67.0896,0.8479
noPhase1,200,45,71.8368,0.8685
noPhase2,200,45,67.0896,0.8479
noPhase3,200,45,67.0896,0.8479
pop50,200,45,51.6986,0.6766
LS-only,200,45,21.7283,0.2229
FULL,200,45,26.8820,0.4015
base,200,46,87.6223,0.8625
noPhase1,200,46,109.3955,1.1892
noPhase2,200,46,87.6223,0.8625
noPhase3,200,46,93.8468,0.8804
pop50,200,46,95.8775,0.8742
LS-only,200,46,57.0843,0.6921
FULL,200,46,32.0851,0.3836
base,200,47,70.3195,0.8085
noPhase1,200,47,56.7501,0.8935
noPhase2,200,47,70.3195,0.8085
noPhase3,200,47,70.3195,0.8085
pop50,200,47,60.8189,0.7845
LS-only,200,47,19.7815,0.1449
FULL,200,47,17.6690,0.0792
base,200,48,62.2437,0.7218
noPhase1,200,48,65.2790,0.8020
noPhase2,200,48,62.2437,0.7218
noPhase3,200,48,62.2437,0.7218
pop50,200,48,61.6748,0.7126
LS-only,200,48,36.6257,0.4552
FULL,200,48,34.9797,0.4465
base,200,49,65.0488,0.7911
noPhase1,200,49,59.9275,0.8955
noPhase2,200,49,65.0488,0.7911
noPhase3,200,49,65.0488,0.7911
pop50,200,49,57.1287,0.8480
LS-only,200,49,19.1099,0.1340
FULL,200,49,42.3397,0.5560
base,200,50,90.9972,0.9634
noPhase1,200,50,82.6942,1.0298
noPhase2,200,50,86.5971,0.9398
noPhase3,200,50,90.9972,0.9634
pop50,200,50,55.1833,0.7049
LS-only,200,50,23.3896,0.2448
FULL,200,50,28.7825,0.3881
base,200,51,67.8287,0.7628
noPhase1,200,51,66.0442,0.7803
noPhase2,200,51,67.8287,0.7628
noPhase3,200,51,67.8287,0.7628
pop50,200,51,61.9451,0.7676
LS-only,200,51,19.0013,0.0892
FULL,200,51,19.0013,0.0892
base,200,52,100.4920,0.9522
noPhase1,200,52,105.7628,1.1125
noPhase2,200,52,117.1628,0.9616
noPhase3,200,52,100.4920,0.9522
pop50,200,52,103.0323,0.9537
LS-only,200,52,22.8960,0.2004
FULL,200,52,25.4099,0.2167
base,200,53,64.4081,0.7197
noPhase1,200,53,68.8794,0.9635
noPhase2,200,53,64.4081,0.7197
noPhase3,200,53,64.4081,0.7197
pop50,200,53,45.4461,0.6747
LS-only,200,53,25.9273,0.2758
FULL,200,53,64.4081,0.7197
base,200,54,63.6105,0.7609
noPhase1,200,54,77.1092,0.7846
noPhase2,200,54,63.6105,0.7609
noPhase3,200,54,63.6105,0.7609
pop50,200,54,60.3082,0.6895
LS-only,200,54,26.1095,0.2664
FULL,200,54,33.8047,0.4380
base,200,55,67.5016,0.7077
noPhase1,200,55,69.7768,0.8078
noPhase2,200,55,62.1698,0.7905
noPhase3,200,55,67.5016,0.7077
pop50,200,55,57.8738,0.6836
LS-only,200,55,33.0959,0.3318
FULL,200,55,34.2689,0.3632
base,200,56,69.1713,0.8576
noPhase1,200,56,74.4178,0.8325
noPhase2,200,56,69.1713,0.8576
noPhase3,200,56,69.6084,0.7607
pop50,200,56,58.9344,0.7972
LS-only,200,56,35.5063,0.4536
FULL,200,56,23.0209,0.2420
base,200,57,63.3727,0.7456
noPhase1,200,57,91.8436,0.9962
noPhase2,200,57,63.3727,0.7456
noPhase3,200,57,63.3727,0.7456
pop50,200,57,63.4265,0.7473
LS-only,200,57,19.7892,0.1341
FULL,200,57,24.0275,0.2110
base,200,58,63.6208,0.7564
noPhase1,200,58,68.8849,0.8483
noPhase2,200,58,63.6208,0.7564
noPhase3,200,58,63.6208,0.7564
pop50,200,58,53.9430,0.6808
LS-only,200,58,21.6070,0.1508
FULL,200,58,18.9007,0.0875
base,200,59,52.4239,0.7249
noPhase1,200,59,68.4294,0.9327
noPhase2,200,59,52.4239,0.7249
noPhase3,200,59,56.5929,0.7644
pop50,200,59,50.0790,0.6921
LS-only,200,59,19.1057,0.1263
FULL,200,59,22.0211,0.2120
base,200,60,49.5732,0.6749
noPhase1,200,60,50.4416,0.7418
noPhase2,200,60,49.5732,0.6749
noPhase3,200,60,49.5732,0.6749
pop50,200,60,43.0574,0.6201
LS-only,200,60,31.5493,0.4419
FULL,200,60,20.0651,0.2178
base,200,61,73.4687,0.6709
noPhase1,200,61,109.5817,0.8596
noPhase2,200,61,73.4687,0.6709
noPhase3,200,61,73.4687,0.6709
pop50,200,61,95.1577,0.8680
LS-only,200,61,25.6931,0.1287
FULL,200,61,43.5682,0.4316
base,200,62,30.6798,0.5333
noPhase1,200,62,38.6559,0.5651
noPhase2,200,62,30.6798,0.5333
noPhase3,200,62,30.6798,0.5333
pop50,200,62,35.1665,0.5919
LS-only,200,62,16.6890,0.1250
FULL,200,62,19.2281,0.2190
base,200,63,148.2055,1.1083
noPhase1,200,63,161.1938,1.1303
noPhase2,200,63,148.2055,1.1083
noPhase3,200,63,148.2055,1.1083
pop50,200,63,104.3292,0.9561
LS-only,200,63,66.4366,0.7481
FULL,200,63,39.4700,0.3364
base,200,64,71.1787,0.7280
noPhase1,200,64,78.0122,0.7655
noPhase2,200,64,71.1787,0.7280
noPhase3,200,64,71.1787,0.7280
pop50,200,64,59.5072,0.6014
LS-only,200,64,32.1617,0.2363
FULL,200,64,30.6531,0.2012
base,200,65,78.1768,0.7863
noPhase1,200,65,66.6818,0.8922
noPhase2,200,65,69.6820,0.7580
noPhase3,200,65,78.1768,0.7863
pop50,200,65,71.2889,0.7700
LS-only,200,65,23.2124,0.2405
FULL,200,65,31.5818,0.3938
base,200,66,61.1843,0.7042
noPhase1,200,66,58.3436,0.7392
noPhase2,200,66,61.1843,0.7042
noPhase3,200,66,73.7459,0.7739
pop50,200,66,69.7875,0.7379
LS-only,200,66,21.4974,0.2125
FULL,200,66,42.0973,0.6152
base,200,67,59.4144,0.8008
noPhase1,200,67,76.0822,0.9082
noPhase2,200,67,59.4144,0.8008
noPhase3,200,67,59.4144,0.8008
pop50,200,67,45.0060,0.6165
LS-only,200,67,24.0778,0.2721
FULL,200,67,27.4658,0.3321
base,200,68,50.4303,0.6078
noPhase1,200,68,53.6186,0.7506
noPhase2,200,68,50.4303,0.6078
noPhase3,200,68,50.4303,0.6078
pop50,200,68,43.0219,0.6230
LS-only,200,68,20.8841,0.1767
FULL,200,68,16.8461,0.0541
base,200,69,43.6484,0.5446
noPhase1,200,69,46.1221,0.7106
noPhase2,200,69,43.6484,0.5446
noPhase3,200,69,43.6484,0.5446
pop50,200,69,43.2741,0.6646
LS-only,200,69,17.6104,0.0773
FULL,200,69,19.4458,0.1243
base,200,70,74.4774,0.7504
noPhase1,200,70,78.2205,0.9639
noPhase2,200,70,69.7551,0.7034
noPhase3,200,70,74.4774,0.7504
pop50,200,70,79.1981,0.8425
LS-only,200,70,42.4208,0.5234
FULL,200,70,27.8795,0.2780
base,200,71,74.8259,0.8437
noPhase1,200,71,74.2840,0.9066
noPhase2,200,71,74.8259,0.8437
noPhase3,200,71,74.8259,0.8437
pop50,200,71,74.2829,0.7918
LS-only,200,71,28.9108,0.2292
FULL,200,71,27.7168,0.2428
base,200,72,145.2049,1.1657
noPhase1,200,72,147.1652,1.2381
noPhase2,200,72,145.2049,1.1657
noPhase3,200,72,145.2049,1.1657
pop50,200,72,123.0211,1.0177
LS-only,200,72,33.0423,0.4532
FULL,200,72,38.5669,0.4909
base,500,43,187.9726,0.9028
noPhase1,500,43,193.7113,1.0011
noPhase2,500,43,200.1125,0.7852
noPhase3,500,43,190.3993,0.9946
pop50,500,43,189.1154,0.8442
LS-only,500,43,40.2652,0.0426
FULL,500,43,40.6066,0.0452
base,500,44,247.9554,1.0189
noPhase1,500,44,249.2288,1.1205
noPhase2,500,44,247.9554,1.0189
noPhase3,500,44,247.9554,1.0189
pop50,500,44,259.1685,1.1723
LS-only,500,44,40.9496,0.0874
FULL,500,44,36.8942,0.0600
base,500,45,143.4347,0.7236
noPhase1,500,45,140.4446,0.7484
noPhase2,500,45,143.4347,0.7236
noPhase3,500,45,143.4347,0.7236
pop50,500,45,153.9197,0.7930
LS-only,500,45,37.9544,0.0623
FULL,500,45,36.3394,0.0509
base,500,46,268.9071,0.9491
noPhase1,500,46,218.2418,0.9625
noPhase2,500,46,268.9071,0.9491
noPhase3,500,46,268.9071,0.9491
pop50,500,46,247.0979,0.9277
LS-only,500,46,47.3145,0.0605
FULL,500,46,43.4568,0.0258
base,500,47,196.9857,0.9083
noPhase1,500,47,161.2117,0.7690
noPhase2,500,47,262.7354,0.9429
noPhase3,500,47,240.2654,1.1371
pop50,500,47,157.1440,0.8177
LS-only,500,47,41.8529,0.0547
FULL,500,47,42.6418,0.0463
base,500,48,189.7032,0.8031
noPhase1,500,48,186.0717,0.8122
noPhase2,500,48,189.7032,0.8031
noPhase3,500,48,189.7032,0.8031
pop50,500,48,165.6958,0.7176
LS-only,500,48,47.2968,0.0757
FULL,500,48,47.6112,0.0926
base,500,49,136.9888,0.7428
noPhase1,500,49,146.5229,0.8699
noPhase2,500,49,177.7829,0.7586
noPhase3,500,49,177.7829,0.7586
pop50,500,49,164.3298,0.7252
LS-only,500,49,42.6089,0.0552
FULL,500,49,46.1294,0.1066
base,500,50,224.2351,0.9301
noPhase1,500,50,274.4538,1.1250
noPhase2,500,50,224.2351,0.9301
noPhase3,500,50,224.2351,0.9301
pop50,500,50,254.9293,1.1654
LS-only,500,50,40.6749,0.0420
FULL,500,50,41.4108,0.0406
base,500,51,189.6402,0.7919
noPhase1,500,51,219.9140,0.8475
noPhase2,500,51,189.6402,0.7919
noPhase3,500,51,189.6402,0.7919
pop50,500,51,191.1278,0.7681
LS-only,500,51,50.6429,0.0909
FULL,500,51,51.0868,0.0903
base,500,52,311.3244,1.1527
noPhase1,500,52,284.5231,1.0693
noPhase2,500,52,313.5377,1.0056
noPhase3,500,52,311.3244,1.1527
pop50,500,52,253.9943,0.9595
LS-only,500,52,71.8730,0.2562
FULL,500,52,54.8325,0.1265
base,500,53,172.5003,0.6905
noPhase1,500,53,187.0615,0.7437
noPhase2,500,53,172.5003,0.6905
noPhase3,500,53,172.5003,0.6905
pop50,500,53,152.1696,0.6970
LS-only,500,53,45.6335,0.0320
FULL,500,53,45.8923,0.0467
base,500,54,161.7426,0.6540
noPhase1,500,54,206.7560,0.8102
noPhase2,500,54,161.7426,0.6540
noPhase3,500,54,161.7426,0.6540
pop50,500,54,155.7975,0.6212
LS-only,500,54,48.8310,0.0608
FULL,500,54,45.8480,0.0379
base,500,55,154.5236,0.6373
noPhase1,500,55,142.5409,0.7609
noPhase2,500,55,154.5236,0.6373
noPhase3,500,55,164.6549,0.6839
pop50,500,55,159.2316,0.6192
LS-only,500,55,47.6774,0.0474
FULL,500,55,47.4367,0.0405
base,500,56,255.3361,0.9223
noPhase1,500,56,245.2791,0.8971
noPhase2,500,56,255.3361,0.9223
noPhase3,500,56,255.3361,0.9223
pop50,500,56,219.4645,0.8180
LS-only,500,56,53.1528,0.1668
FULL,500,56,43.9647,0.0499
base,500,57,201.1152,0.7956
noPhase1,500,57,214.7035,0.8577
noPhase2,500,57,201.1152,0.7956
noPhase3,500,57,201.1152,0.7956
pop50,500,57,194.9885,0.7847
LS-only,500,57,46.4345,0.0738
FULL,500,57,51.3814,0.1177
base,500,58,155.4346,0.6848
noPhase1,500,58,166.5545,0.7350
noPhase2,500,58,155.4346,0.6848
noPhase3,500,58,155.4346,0.6848
pop50,500,58,151.7119,0.7054
LS-only,500,58,41.5326,0.0290
FULL,500,58,42.7918,0.0526
base,500,59,135.3193,0.6899
noPhase1,500,59,169.9683,0.8765
noPhase2,500,59,135.3193,0.6899
noPhase3,500,59,135.3193,0.6899
pop50,500,59,144.9932,0.7422
LS-only,500,59,41.5980,0.0482
FULL,500,59,40.5767,0.0387
base,500,60,183.9000,0.7471
noPhase1,500,60,183.9000,0.7471
noPhase2,500,60,183.9000,0.7471
noPhase3,500,60,183.9000,0.7471
pop50,500,60,173.1389,0.7925
LS-only,500,60,43.4836,0.0801
FULL,500,60,43.4836,0.0801
base,500,61,248.6473,0.8032
noPhase1,500,61,292.8776,0.9488
noPhase2,500,61,248.6473,0.8032
noPhase3,500,61,248.6473,0.8032
pop50,500,61,197.2576,0.7069
LS-only,500,61,60.6280,0.1115
FULL,500,61,57.3867,0.0903
base,500,62,85.9362,0.4699
noPhase1,500,62,101.0149,0.5846
noPhase2,500,62,85.9362,0.4699
noPhase3,500,62,85.9362,0.4699
pop50,500,62,83.6794,0.4601
LS-only,500,62,37.8085,0.0463
FULL,500,62,38.2483,0.0402
base,500,63,326.1904,0.9812
noPhase1,500,63,464.5017,1.2315
noPhase2,500,63,326.1904,0.9812
noPhase3,500,63,350.6702,0.9807
pop50,500,63,381.4852,1.0569
LS-only,500,63,62.0272,0.1614
FULL,500,63,51.0847,0.0644
base,500,64,203.2995,0.6574
noPhase1,500,64,198.6015,0.7097
noPhase2,500,64,203.2995,0.6574
noPhase3,500,64,206.8014,0.6549
pop50,500,64,173.4434,0.6352
LS-only,500,64,58.5042,0.0647
FULL,500,64,55.9097,0.0512
base,500,65,240.8341,0.9040
noPhase1,500,65,225.1847,1.0230
noPhase2,500,65,240.8341,0.9040
noPhase3,500,65,240.8341,0.9040
pop50,500,65,243.4510,1.0071
LS-only,500,65,57.1840,0.1741
FULL,500,65,47.6389,0.0762
base,500,66,230.0154,0.8109
noPhase1,500,66,222.2819,0.8151
noPhase2,500,66,230.0154,0.8109
noPhase3,500,66,230.0154,0.8109
pop50,500,66,206.4393,0.8664
LS-only,500,66,45.2756,0.0856
FULL,500,66,43.2297,0.0598
base,500,67,190.1535,0.7717
noPhase1,500,67,204.1256,1.0289
noPhase2,500,67,190.1535,0.7820
noPhase3,500,67,200.1353,0.7832
pop50,500,67,218.3573,1.0600
LS-only,500,67,42.6874,0.0447
FULL,500,67,52.1666,0.1543
base,500,68,118.7977,0.5844
noPhase1,500,68,117.2016,0.6090
noPhase2,500,68,118.7977,0.5844
noPhase3,500,68,118.7977,0.5844
pop50,500,68,124.9081,0.5888
LS-only,500,68,41.3560,0.0343
FULL,500,68,40.5920,0.0284
base,500,69,111.6112,0.5605
noPhase1,500,69,104.7551,0.5822
noPhase2,500,69,111.6112,0.5605
noPhase3,500,69,111.6112,0.5605
pop50,500,69,107.1989,0.5491
LS-only,500,69,41.1538,0.0312
FULL,500,69,40.8710,0.0231
base,500,70,257.2305,0.8719
noPhase1,500,70,182.8615,0.7905
noPhase2,500,70,217.8540,0.9139
noPhase3,500,70,257.2305,0.8719
pop50,500,70,237.3677,0.8231
LS-only,500,70,54.1676,0.1233
FULL,500,70,51.7044,0.1052
base,500,71,205.8771,0.8292
noPhase1,500,71,184.8297,0.7634
noPhase2,500,71,205.8771,0.8292
noPhase3,500,71,205.8771,0.8292
pop50,500,71,197.5863,0.7387
LS-only,500,71,49.5397,0.0791
FULL,500,71,48.3552,0.0705
base,500,72,473.4167,1.2534
noPhase1,500,72,468.8589,1.3701
noPhase2,500,72,473.4167,1.2534
noPhase3,500,72,477.4499,1.2603
pop50,500,72,430.1899,1.1643
LS-only,500,72,62.7040,0.1842
FULL,500,72,59.2575,0.1701
base,1000,43,460.1850,0.8875
noPhase1,1000,43,370.7191,0.9063
noPhase2,1000,43,439.9534,0.8801
noPhase3,1000,43,460.1850,0.8875
pop50,1000,43,432.1815,0.8645
LS-only,1000,43,128.8209,0.2944
FULL,1000,43,137.7891,0.3236
base,1000,44,634.3375,1.3928
noPhase1,1000,44,582.5845,1.2756
noPhase2,1000,44,787.7741,1.3114
noPhase3,1000,44,779.3371,1.5493
pop50,1000,44,605.4018,1.1220
LS-only,1000,44,133.9329,0.3364
FULL,1000,44,115.4734,0.2454
base,1000,45,424.9282,0.9090
noPhase1,1000,45,370.5748,0.9605
noPhase2,1000,45,424.9282,0.9090
noPhase3,1000,45,424.9282,0.9090
pop50,1000,45,371.1648,0.8563
LS-only,1000,45,120.4636,0.2981
FULL,1000,45,94.5920,0.1769
base,1000,46,639.6269,1.0030
noPhase1,1000,46,581.0906,1.1268
noPhase2,1000,46,639.6269,1.0030
noPhase3,1000,46,639.6269,1.0030
pop50,1000,46,532.9761,0.8991
LS-only,1000,46,127.3161,0.2288
FULL,1000,46,150.9303,0.3258
base,1000,47,422.4064,1.1578
noPhase1,1000,47,478.0676,1.2202
noPhase2,1000,47,531.4534,0.9673
noPhase3,1000,47,480.6202,1.1757
pop50,1000,47,331.8999,0.9331
LS-only,1000,47,125.8432,0.2957
FULL,1000,47,130.3171,0.2812
base,1000,48,444.9198,0.8917
noPhase1,1000,48,433.7111,0.9167
noPhase2,1000,48,444.9198,0.8917
noPhase3,1000,48,444.9198,0.8917
pop50,1000,48,435.9440,0.8888
LS-only,1000,48,132.6831,0.2797
FULL,1000,48,125.1638,0.2559
base,1000,49,362.2305,0.9289
noPhase1,1000,49,356.3275,0.9927
noPhase2,1000,49,419.9020,1.0751
noPhase3,1000,49,455.3778,0.8615
pop50,1000,49,302.6598,0.7251
LS-only,1000,49,121.0437,0.2812
FULL,1000,49,131.5112,0.3109
base,1000,50,623.7752,1.4854
noPhase1,1000,50,649.9539,1.3562
noPhase2,1000,50,775.7142,1.1395
noPhase3,1000,50,670.3072,1.5143
pop50,1000,50,548.6782,1.2688
LS-only,1000,50,145.1098,0.3232
FULL,1000,50,122.4950,0.2719
base,1000,51,415.3986,0.7899
noPhase1,1000,51,393.3073,0.7704
noPhase2,1000,51,415.3986,0.7899
noPhase3,1000,51,415.3986,0.7899
pop50,1000,51,393.7949,0.7659
LS-only,1000,51,157.4379,0.3434
FULL,1000,51,167.6338,0.3728
base,1000,52,582.7914,1.1429
noPhase1,1000,52,573.5214,1.1259
noPhase2,1000,52,656.1154,1.0238
noPhase3,1000,52,603.4263,1.1470
pop50,1000,52,564.2976,1.1036
LS-only,1000,52,187.2609,0.4354
FULL,1000,52,171.5707,0.3987
base,1000,53,425.5587,0.8269
noPhase1,1000,53,445.9323,0.7577
noPhase2,1000,53,425.5587,0.8269
noPhase3,1000,53,425.5587,0.8269
pop50,1000,53,435.0548,0.8007
LS-only,1000,53,114.1649,0.1637
FULL,1000,53,127.8148,0.2273
base,1000,54,415.2052,0.7739
noPhase1,1000,54,399.3521,0.7921
noPhase2,1000,54,415.2052,0.7739
noPhase3,1000,54,415.2052,0.7739
pop50,1000,54,367.9976,0.7145
LS-only,1000,54,117.1872,0.1905
FULL,1000,54,126.0665,0.2339
base,1000,55,318.9433,0.6946
noPhase1,1000,55,327.2691,0.7382
noPhase2,1000,55,320.0308,0.6737
noPhase3,1000,55,352.2256,0.6851
pop50,1000,55,336.5464,0.6894
LS-only,1000,55,128.2072,0.2114
FULL,1000,55,130.6006,0.2327
base,1000,56,543.2160,1.0999
noPhase1,1000,56,561.1384,1.1276
noPhase2,1000,56,665.4652,1.0996
noPhase3,1000,56,663.0409,1.2286
pop50,1000,56,531.3199,1.0301
LS-only,1000,56,117.4124,0.1798
FULL,1000,56,110.0723,0.1658
base,1000,57,468.8545,0.9252
noPhase1,1000,57,480.8425,1.0035
noPhase2,1000,57,468.8545,0.9252
noPhase3,1000,57,501.9817,0.9252
pop50,1000,57,425.5504,0.8865
LS-only,1000,57,182.9723,0.4406
FULL,1000,57,146.0724,0.3055
base,1000,58,343.5419,0.7772
noPhase1,1000,58,343.0797,0.8410
noPhase2,1000,58,343.5419,0.7772
noPhase3,1000,58,343.5419,0.7772
pop50,1000,58,320.0205,0.7104
LS-only,1000,58,118.9331,0.2305
FULL,1000,58,118.0039,0.2112
base,1000,59,284.3290,0.7558
noPhase1,1000,59,330.1042,0.7803
noPhase2,1000,59,293.5499,0.7514
noPhase3,1000,59,325.5792,0.7955
pop50,1000,59,276.8266,0.6851
LS-only,1000,59,119.6142,0.2728
FULL,1000,59,112.5133,0.2161
base,1000,60,481.0229,0.8792
noPhase1,1000,60,429.5734,1.0204
noPhase2,1000,60,481.0229,0.8792
noPhase3,1000,60,481.0229,0.8792
pop50,1000,60,492.8196,0.9146
LS-only,1000,60,91.0944,0.1144
FULL,1000,60,101.7794,0.1705
base,1000,61,502.4078,0.8287
noPhase1,1000,61,466.7671,0.8292
noPhase2,1000,61,517.2636,0.8108
noPhase3,1000,61,584.7558,0.8797
pop50,1000,61,491.0573,0.7806
LS-only,1000,61,164.8357,0.3218
FULL,1000,61,173.9816,0.3418
base,1000,62,182.1003,0.4807
noPhase1,1000,62,221.7341,0.6495
noPhase2,1000,62,182.1003,0.4807
noPhase3,1000,62,182.1003,0.4807
pop50,1000,62,176.8418,0.4709
LS-only,1000,62,81.6433,0.1180
FULL,1000,62,81.9441,0.1170
base,1000,63,996.5582,1.2299
noPhase1,1000,63,1051.9460,1.2416
noPhase2,1000,63,996.5582,1.2299
noPhase3,1000,63,996.5582,1.2299
pop50,1000,63,912.6216,1.1687
LS-only,1000,63,200.7947,0.4014
FULL,1000,63,211.4828,0.4389
base,1000,64,358.7840,0.6309
noPhase1,1000,64,450.7924,0.7247
noPhase2,1000,64,358.7840,0.6309
noPhase3,1000,64,375.7738,0.6531
pop50,1000,64,362.1082,0.6551
LS-only,1000,64,169.9331,0.3047
FULL,1000,64,150.7221,0.2434
base,1000,65,449.3865,1.0219
noPhase1,1000,65,572.4088,1.1654
noPhase2,1000,65,615.9769,1.0165
noPhase3,1000,65,449.3865,1.0219
pop50,1000,65,580.1257,0.9507
LS-only,1000,65,184.5624,0.4495
FULL,1000,65,150.9418,0.3585
base,1000,66,464.1675,0.9041
noPhase1,1000,66,546.6757,1.0563
noPhase2,1000,66,464.1675,0.9041
noPhase3,1000,66,464.1675,0.9041
pop50,1000,66,461.4091,0.9339
LS-only,1000,66,128.0538,0.2932
FULL,1000,66,128.0538,0.2932
base,1000,67,449.0499,1.0901
noPhase1,1000,67,441.1739,0.9754
noPhase2,1000,67,506.0703,0.9149
noPhase3,1000,67,489.8628,1.1711
pop50,1000,67,313.8956,0.7445
LS-only,1000,67,123.6949,0.2621
FULL,1000,67,121.0536,0.2558
base,1000,68,249.9659,0.6067
noPhase1,1000,68,320.0332,0.6738
noPhase2,1000,68,249.9659,0.6067
noPhase3,1000,68,249.9659,0.6067
pop50,1000,68,258.7880,0.6034
LS-only,1000,68,100.7201,0.1556
FULL,1000,68,110.1562,0.2014
base,1000,69,237.6536,0.5698
noPhase1,1000,69,235.1592,0.6423
noPhase2,1000,69,237.6536,0.5698
noPhase3,1000,69,237.6536,0.5698
pop50,1000,69,217.3760,0.5335
LS-only,1000,69,105.8721,0.1765
FULL,1000,69,107.2259,0.1888
base,1000,70,630.7553,1.0208
noPhase1,1000,70,613.8439,1.0081
noPhase2,1000,70,469.5589,1.0262
noPhase3,1000,70,630.7553,1.0208
pop50,1000,70,465.1671,0.9525
LS-only,1000,70,162.5183,0.3653
FULL,1000,70,126.9631,0.2423
base,1000,71,476.9926,0.8044
noPhase1,1000,71,400.5410,0.8923
noPhase2,1000,71,461.9999,0.7898
noPhase3,1000,71,476.9926,0.8044
pop50,1000,71,431.5615,0.9235
LS-only,1000,71,155.5561,0.3292
FULL,1000,71,132.5183,0.2356
base,1000,72,1005.0554,1.3454
noPhase1,1000,72,848.5449,1.1888
noPhase2,1000,72,1195.0735,1.3342
noPhase3,1000,72,1005.0554,1.3454
pop50,1000,72,877.6884,1.2253
LS-only,1000,72,265.1619,0.5858
FULL,1000,72,248.0078,0.5294
base,2000,43,927.8471,0.9688
noPhase1,2000,43,739.3460,0.9187
noPhase2,2000,43,924.8156,0.9036
noPhase3,2000,43,927.8471,0.9688
pop50,2000,43,806.7722,1.0131
LS-only,2000,43,404.2850,0.5335
FULL,2000,43,373.0240,0.4976
base,2000,44,1434.1766,1.4710
noPhase1,2000,44,1337.3595,1.4358
noPhase2,2000,44,1902.4037,1.4192
noPhase3,2000,44,1531.3165,1.4969
pop50,2000,44,1269.7842,1.4362
LS-only,2000,44,418.9689,0.5744
FULL,2000,44,421.1891,0.5934
base,2000,45,855.5297,0.9518
noPhase1,2000,45,746.2508,0.9852
noPhase2,2000,45,855.5297,0.9518
noPhase3,2000,45,855.5297,0.9518
pop50,2000,45,579.4050,0.8691
LS-only,2000,45,402.4052,0.5701
FULL,2000,45,369.1134,0.5174
base,2000,46,1367.3450,1.0806
noPhase1,2000,46,1135.0774,1.1211
noPhase2,2000,46,1367.3450,1.0806
noPhase3,2000,46,1367.3450,1.0806
pop50,2000,46,1248.6036,1.0776
LS-only,2000,46,489.5868,0.5723
FULL,2000,46,437.7222,0.5202
base,2000,47,930.8615,1.1682
noPhase1,2000,47,1037.5778,1.1846
noPhase2,2000,47,1437.5281,1.2168
noPhase3,2000,47,1234.4881,1.3924
pop50,2000,47,813.7834,1.0714
LS-only,2000,47,389.3239,0.5198
FULL,2000,47,466.5801,0.5911
base,2000,48,980.7300,0.9176
noPhase1,2000,48,912.8294,1.0148
noPhase2,2000,48,980.7300,0.9176
noPhase3,2000,48,980.7300,0.9176
pop50,2000,48,872.0984,0.8499
LS-only,2000,48,386.2503,0.5167
FULL,2000,48,374.8001,0.4927
base,2000,49,907.5094,1.1327
noPhase1,2000,49,920.2517,1.1456
noPhase2,2000,49,740.8196,0.9551
noPhase3,2000,49,1012.4756,0.9551
pop50,2000,49,857.1204,1.0294
LS-only,2000,49,370.8654,0.4928
FULL,2000,49,401.5294,0.5323
base,2000,50,1140.9610,1.3166
noPhase1,2000,50,1070.1302,1.2402
noPhase2,2000,50,1670.7571,1.2421
noPhase3,2000,50,1283.4533,1.4379
pop50,2000,50,1158.8988,1.3148
LS-only,2000,50,448.6070,0.6086
FULL,2000,50,425.8943,0.5740
base,2000,51,896.9047,0.8277
noPhase1,2000,51,952.6272,0.8514
noPhase2,2000,51,896.9047,0.8277
noPhase3,2000,51,896.9047,0.8277
pop50,2000,51,867.9078,0.8338
LS-only,2000,51,467.0553,0.5460
FULL,2000,51,431.2922,0.5010
base,2000,52,1498.5681,1.3031
noPhase1,2000,52,1130.6042,1.0943
noPhase2,2000,52,1323.4855,1.1809
noPhase3,2000,52,1501.7645,1.3207
pop50,2000,52,1530.5603,1.3194
LS-only,2000,52,693.0273,0.7506
FULL,2000,52,723.6906,0.7780
base,2000,53,962.8202,0.7902
noPhase1,2000,53,1103.2084,0.8274
noPhase2,2000,53,1089.0270,0.7970
noPhase3,2000,53,1107.7800,0.8758
pop50,2000,53,1000.0823,0.8486
LS-only,2000,53,310.5648,0.3445
FULL,2000,53,326.1765,0.3770
base,2000,54,932.1430,0.8553
noPhase1,2000,54,841.1236,0.9456
noPhase2,2000,54,932.1430,0.8553
noPhase3,2000,54,932.1430,0.8553
pop50,2000,54,899.0163,0.8219
LS-only,2000,54,350.7131,0.4042
FULL,2000,54,346.2168,0.4169
base,2000,55,744.4838,0.7229
noPhase1,2000,55,808.6163,0.7488
noPhase2,2000,55,744.4838,0.7229
noPhase3,2000,55,744.4838,0.7229
pop50,2000,55,735.2448,0.7644
LS-only,2000,55,325.1193,0.3654
FULL,2000,55,325.7431,0.3754
base,2000,56,958.1229,1.1417
noPhase1,2000,56,1062.5808,1.2209
noPhase2,2000,56,1591.0978,1.1503
noPhase3,2000,56,1383.5360,1.5172
pop50,2000,56,1164.5060,1.0839
LS-only,2000,56,343.2566,0.4088
FULL,2000,56,380.4257,0.4576
base,2000,57,1103.3067,0.9800
noPhase1,2000,57,983.7691,0.9305
noPhase2,2000,57,1103.3067,0.9800
noPhase3,2000,57,1103.3067,0.9800
pop50,2000,57,930.4920,0.8878
LS-only,2000,57,502.0903,0.6402
FULL,2000,57,470.2346,0.5953
base,2000,58,703.0133,0.8080
noPhase1,2000,58,729.1818,0.8113
noPhase2,2000,58,703.0133,0.8080
noPhase3,2000,58,703.0133,0.8080
pop50,2000,58,688.3202,0.7859
LS-only,2000,58,396.2107,0.5139
FULL,2000,58,375.2175,0.4888
base,2000,59,662.1223,0.7826
noPhase1,2000,59,603.3905,0.8242
noPhase2,2000,59,616.1589,0.8008
noPhase3,2000,59,703.6464,0.8277
pop50,2000,59,666.2486,0.8538
LS-only,2000,59,387.0149,0.5347
FULL,2000,59,355.7921,0.4872
base,2000,60,1122.7774,1.0629
noPhase1,2000,60,808.3301,1.0089
noPhase2,2000,60,1261.1807,1.0729
noPhase3,2000,60,1195.2699,1.3128
pop50,2000,60,922.4543,1.0384
LS-only,2000,60,299.0923,0.3919
FULL,2000,60,289.9048,0.3831
base,2000,61,1040.8525,0.8682
noPhase1,2000,61,1241.6017,0.9394
noPhase2,2000,61,1050.9495,0.8719
noPhase3,2000,61,1056.5117,0.8816
pop50,2000,61,989.3145,0.8182
LS-only,2000,61,490.5215,0.5151
FULL,2000,61,490.7130,0.5283
base,2000,62,459.5325,0.5566
noPhase1,2000,62,391.6456,0.5084
noPhase2,2000,62,459.5325,0.5566
noPhase3,2000,62,459.5325,0.5566
pop50,2000,62,411.6891,0.5118
LS-only,2000,62,189.3582,0.2068
FULL,2000,62,193.6707,0.2222
base,2000,63,1917.8497,1.1661
noPhase1,2000,63,2419.0937,1.3399
noPhase2,2000,63,1917.8497,1.1661
noPhase3,2000,63,1917.8497,1.1661
pop50,2000,63,1873.2110,1.1867
LS-only,2000,63,805.0583,0.8270
FULL,2000,63,723.2581,0.7785
base,2000,64,866.6435,0.6894
noPhase1,2000,64,1065.3233,0.7509
noPhase2,2000,64,866.6435,0.6894
noPhase3,2000,64,867.5274,0.6847
pop50,2000,64,865.1064,0.7191
LS-only,2000,64,523.6269,0.5264
FULL,2000,64,475.2360,0.4763
base,2000,65,867.9144,1.0173
noPhase1,2000,65,1052.5197,1.1831
noPhase2,2000,65,1445.4419,1.1339
noPhase3,2000,65,1109.8190,1.2105
pop50,2000,65,1112.1213,1.1453
LS-only,2000,65,574.6031,0.6860
FULL,2000,65,481.5836,0.5682
base,2000,66,1121.3554,1.0336
noPhase1,2000,66,1147.6868,1.0507
noPhase2,2000,66,1048.7435,1.0131
noPhase3,2000,66,1121.3554,1.0336
pop50,2000,66,1067.2560,0.9783
LS-only,2000,66,419.7510,0.5372
FULL,2000,66,402.6790,0.5332
base,2000,67,881.0081,1.0794
noPhase1,2000,67,925.3285,1.1029
noPhase2,2000,67,1147.4831,1.0084
noPhase3,2000,67,1097.0549,1.1117
pop50,2000,67,1020.5669,1.0265
LS-only,2000,67,419.1133,0.5449
FULL,2000,67,450.2910,0.5720
base,2000,68,547.5292,0.6108
noPhase1,2000,68,532.0046,0.6418
noPhase2,2000,68,547.5292,0.6108
noPhase3,2000,68,547.5292,0.6108
pop50,2000,68,529.2285,0.6405
LS-only,2000,68,290.3842,0.3738
FULL,2000,68,277.1489,0.3545
base,2000,69,556.4450,0.6121
noPhase1,2000,69,498.2406,0.6783
noPhase2,2000,69,556.4450,0.6121
noPhase3,2000,69,556.4450,0.6121
pop50,2000,69,455.8360,0.5608
LS-only,2000,69,289.5942,0.3390
FULL,2000,69,262.8156,0.3146
base,2000,70,1551.1207,1.1606
noPhase1,2000,70,1294.9744,1.0995
noPhase2,2000,70,850.7317,1.1413
noPhase3,2000,70,1551.1207,1.1606
pop50,2000,70,1415.0166,1.1117
LS-only,2000,70,410.4518,0.4858
FULL,2000,70,462.0225,0.5445
base,2000,71,1016.4674,0.8521
noPhase1,2000,71,722.1585,0.8752
noPhase2,2000,71,1016.4674,0.8521
noPhase3,2000,71,1016.4674,0.8521
pop50,2000,71,1016.9506,1.0658
LS-only,2000,71,515.3013,0.5779
FULL,2000,71,386.5763,0.4577
base,2000,72,1752.7972,1.2864
noPhase1,2000,72,1638.7268,1.2615
noPhase2,2000,72,2491.6291,1.3751
noPhase3,2000,72,2220.8630,1.4464
pop50,2000,72,1678.2878,1.2559
LS-only,2000,72,940.1724,0.9133
FULL,2000,72,859.5204,0.8592
base,5000,43,2658.1381,1.1442
noPhase1,5000,43,2280.0822,1.0162
noPhase2,5000,43,2762.4324,1.0241
noPhase3,5000,43,2658.1381,1.1442
pop50,5000,43,2581.0980,1.1231
LS-only,5000,43,1832.3708,0.8417
FULL,5000,43,1522.1022,0.7518
base,5000,44,3978.7509,1.5332
noPhase1,5000,44,4069.4064,1.4681
noPhase2,5000,44,5583.7389,1.5880
noPhase3,5000,44,4293.2581,1.6407
pop50,5000,44,3839.3399,1.5488
LS-only,5000,44,2386.9058,1.0213
FULL,5000,44,3642.3373,1.5452
base,5000,45,2000.7376,1.0367
noPhase1,5000,45,2035.2130,1.1331
noPhase2,5000,45,3309.4192,1.0723
noPhase3,5000,45,2215.4326,1.1539
pop50,5000,45,2239.3564,1.0226
LS-only,5000,45,1395.0689,0.7646
FULL,5000,45,1562.2861,0.8209
base,5000,46,3513.0286,1.1411
noPhase1,5000,46,3146.6772,1.2015
noPhase2,5000,46,3654.0985,1.1678
noPhase3,5000,46,3697.7527,1.1636
pop50,5000,46,3730.1837,1.2121
LS-only,5000,46,2069.1876,0.8569
FULL,5000,46,2363.8146,0.9149
base,5000,47,2625.0241,1.2923
noPhase1,5000,47,2345.6987,1.1234
noPhase2,5000,47,4573.0818,1.3176
noPhase3,5000,47,3114.0272,1.4050
pop50,5000,47,2272.2951,1.1343
LS-only,5000,47,2313.8570,0.9202
FULL,5000,47,1618.7967,0.9424
base,5000,48,2592.5807,0.9618
noPhase1,5000,48,2250.7301,0.9844
noPhase2,5000,48,2592.5807,0.9618
noPhase3,5000,48,2592.5807,0.9618
pop50,5000,48,2566.2858,0.9605
LS-only,5000,48,1692.7564,0.7528
FULL,5000,48,1598.7375,0.7488
base,5000,49,2098.1600,1.0760
noPhase1,5000,49,2166.1269,1.1287
noPhase2,5000,49,1951.3052,0.9627
noPhase3,5000,49,3251.0887,1.0350
pop50,5000,49,2274.3529,1.1364
LS-only,5000,49,1576.4741,0.7454
FULL,5000,49,1737.4714,0.8207
base,5000,50,3454.5589,1.4642
noPhase1,5000,50,3118.8995,1.5117
noPhase2,5000,50,6040.8565,1.5095
noPhase3,5000,50,3851.1902,1.5838
pop50,5000,50,3356.7435,1.2985
LS-only,5000,50,2065.4288,0.8830
FULL,5000,50,2025.0274,1.1489
base,5000,51,2525.5376,0.8916
noPhase1,5000,51,2769.5438,0.9465
noPhase2,5000,51,2525.5376,0.8916
noPhase3,5000,51,2525.5376,0.8916
pop50,5000,51,2378.9640,0.8443
LS-only,5000,51,1779.0834,0.7526
FULL,5000,51,1684.2617,0.7360
base,5000,52,3759.9111,1.3376
noPhase1,5000,52,3534.4527,1.1413
noPhase2,5000,52,4197.0553,1.2628
noPhase3,5000,52,3944.0302,1.4021
pop50,5000,52,3739.9423,1.3756
LS-only,5000,52,3071.2097,1.0359
FULL,5000,52,3464.8388,1.2723
base,5000,53,3105.9530,0.9484
noPhase1,5000,53,3875.5989,1.1207
noPhase2,5000,53,3105.9530,0.9484
noPhase3,5000,53,3105.9530,0.9484
pop50,5000,53,3174.5785,0.9985
LS-only,5000,53,1500.9340,0.6146
FULL,5000,53,1505.5846,0.6265
base,5000,54,2681.1422,0.9089
noPhase1,5000,54,2528.1541,0.9077
noPhase2,5000,54,2681.1422,0.9089
noPhase3,5000,54,2681.1422,0.9089
pop50,5000,54,2520.0557,0.8638
LS-only,5000,54,1642.1479,0.7069
FULL,5000,54,1459.1280,0.6362
base,5000,55,2259.6953,0.7805
noPhase1,5000,55,2205.6476,0.7623
noPhase2,5000,55,2259.6953,0.7805
noPhase3,5000,55,2259.6953,0.7805
pop50,5000,55,2004.8921,0.7734
LS-only,5000,55,1208.5840,0.5695
FULL,5000,55,1208.5840,0.5695
base,5000,56,2626.2317,1.1970
noPhase1,5000,56,2411.8825,1.1827
noPhase2,5000,56,5011.4115,1.3381
noPhase3,5000,56,3459.1956,1.4087
pop50,5000,56,3025.5544,1.2509
LS-only,5000,56,2301.9731,0.8872
FULL,5000,56,1941.9848,0.8079
base,5000,57,2951.8570,1.0076
noPhase1,5000,57,3210.3642,1.0235
noPhase2,5000,57,2951.8570,1.0076
noPhase3,5000,57,2951.8570,1.0076
pop50,5000,57,2930.1620,0.9955
LS-only,5000,57,1724.1669,0.8169
FULL,5000,57,1795.2036,0.8342
base,5000,58,1880.2756,0.8439
noPhase1,5000,58,1797.4772,0.8540
noPhase2,5000,58,1880.2756,0.8439
noPhase3,5000,58,1880.2756,0.8439
pop50,5000,58,1866.5923,0.8105
LS-only,5000,58,1381.5408,0.6889
FULL,5000,58,1368.7278,0.7066
base,5000,59,1690.3957,0.7995
noPhase1,5000,59,1965.6171,0.9793
noPhase2,5000,59,1872.2634,0.9753
noPhase3,5000,59,1912.4119,0.8562
pop50,5000,59,1916.6500,0.9792
LS-only,5000,59,1329.1338,0.7303
FULL,5000,59,1250.0459,0.6934
base,5000,60,2338.3675,1.1666
noPhase1,5000,60,3340.5804,1.4707
noPhase2,5000,60,4516.1211,1.3666
noPhase3,5000,60,3575.7188,1.5339
pop50,5000,60,2736.1574,1.2129
LS-only,5000,60,1464.0334,0.6685
FULL,5000,60,1382.5856,0.6731
base,5000,61,3151.8677,0.9168
noPhase1,5000,61,3254.9896,0.9317
noPhase2,5000,61,3151.8677,0.9168
noPhase3,5000,61,3230.6153,0.9295
pop50,5000,61,2738.8721,0.8613
LS-only,5000,61,1938.2995,0.7237
FULL,5000,61,2013.1725,0.7349
base,5000,62,1691.8112,0.6196
noPhase1,5000,62,1856.5660,0.8933
noPhase2,5000,62,1691.8112,0.6196
noPhase3,5000,62,1691.8112,0.6196
pop50,5000,62,1783.6492,0.6666
LS-only,5000,62,757.8221,0.3975
FULL,5000,62,693.9529,0.3816
base,5000,63,6167.7884,1.3252
noPhase1,5000,63,6781.2071,1.4090
noPhase2,5000,63,6167.7884,1.3252
noPhase3,5000,63,6167.7884,1.3252
pop50,5000,63,6214.2538,1.3413
LS-only,5000,63,3619.1951,1.1136
FULL,5000,63,3396.4923,1.0908
base,5000,64,2481.8265,0.7113
noPhase1,5000,64,2946.0103,0.8407
noPhase2,5000,64,2481.8265,0.7113
noPhase3,5000,64,2481.8265,0.7113
pop50,5000,64,2428.3510,0.7212
LS-only,5000,64,1730.1347,0.6571
FULL,5000,64,1472.3596,0.5703
base,5000,65,2543.3797,1.2173
noPhase1,5000,65,2586.6178,1.1512
noPhase2,5000,65,5439.5900,1.2762
noPhase3,5000,65,3081.6599,1.3831
pop50,5000,65,2546.4522,1.2733
LS-only,5000,65,2225.3079,0.8998
FULL,5000,65,2240.7710,0.9077
base,5000,66,3612.2743,1.1849
noPhase1,5000,66,3370.1768,1.1138
noPhase2,5000,66,3612.2743,1.1849
noPhase3,5000,66,3612.2743,1.1849
pop50,5000,66,3532.7244,1.1361
LS-only,5000,66,2115.9754,0.9081
FULL,5000,66,2265.1529,0.9475
base,5000,67,2761.4834,1.3292
noPhase1,5000,67,2210.1771,1.0788
noPhase2,5000,67,3791.4140,1.1390
noPhase3,5000,67,3361.5172,1.4147
pop50,5000,67,2489.8846,1.0995
LS-only,5000,67,1874.6850,0.8234
FULL,5000,67,1803.5040,0.8275
base,5000,68,1472.7728,0.6480
noPhase1,5000,68,1534.6447,0.6976
noPhase2,5000,68,1472.7728,0.6480
noPhase3,5000,68,1472.7728,0.6480
pop50,5000,68,1475.8950,0.6395
LS-only,5000,68,1016.4935,0.5210
FULL,5000,68,1024.8324,0.5277
base,5000,69,1435.3587,0.6662
noPhase1,5000,69,1297.4310,0.5966
noPhase2,5000,69,1435.3587,0.6662
noPhase3,5000,69,1458.6784,0.6711
pop50,5000,69,1284.8801,0.6553
LS-only,5000,69,1030.9050,0.5416
FULL,5000,69,955.4460,0.4884
base,5000,70,4400.2842,1.2342
noPhase1,5000,70,3275.3642,1.0913
noPhase2,5000,70,2557.5372,1.1440
noPhase3,5000,70,4400.2842,1.2342
pop50,5000,70,2582.6306,1.2411
LS-only,5000,70,2282.3861,0.8666
FULL,5000,70,2025.3813,0.8284
base,5000,71,3040.3991,1.2941
noPhase1,5000,71,2438.9024,1.0466
noPhase2,5000,71,3230.2152,0.9585
noPhase3,5000,71,3071.4395,1.2720
pop50,5000,71,3032.7113,1.2931
LS-only,5000,71,1986.0490,0.7916
FULL,5000,71,1588.3197,0.6981
base,5000,72,3870.0234,1.2319
noPhase1,5000,72,5423.1868,1.4364
noPhase2,5000,72,7536.0150,1.4346
noPhase3,5000,72,6532.7071,1.5798
pop50,5000,72,3804.9961,1.2549
LS-only,5000,72,3854.3738,1.1617
FULL,5000,72,3786.7335,1.1496
