mode,experiment,algorithm,variant,weightProfile,vmProfile,perturbation,taskCount,vmCount,seed,populationSize,maxIterations,initialEvaluations,iterationEvaluations,localSearchEvaluations,totalEvaluations,normMakespan,normEnergy,normCost,normImbalance,makespan,energy,cost,imbalance,objective,cloudsimFinishedCloudlets,cloudsimMakespan,runtimeMs
smoke,E4_main,LSCBO,LSCBO,W0_equal,default_4_to_1,LEVY,50,10,43,20,20,20,400,20,440,35.78590640,24.72506140,57.67315573,1.01286520,37.82646756,25.56421905,57.65321861,1.07182980,1.03720772,50,38.34377961,70
smoke,E4_main,CBO,CBO,W0_equal,default_4_to_1,NONE,50,10,43,20,20,20,400,0,420,35.78590640,24.72506140,57.67315573,1.01286520,43.62432594,28.35440967,58.32716796,1.19064020,1.13817042,50,44.22215622,21
smoke,E4_main,GTO,GTO,W0_equal,default_4_to_1,NONE,50,10,43,20,20,20,400,0,420,35.78590640,24.72506140,57.67315573,1.01286520,42.54785479,27.67389131,57.90958827,1.18834727,1.12139328,50,43.15336861,14
smoke,E4_main,LSCBO,LSCBO,W0_equal,default_4_to_1,LEVY,50,10,44,20,20,20,400,20,440,35.31721698,24.28877269,56.35675310,1.02476401,38.91079060,25.85452009,56.47991822,1.12102258,1.06558326,50,39.64381910,14
smoke,E4_main,CBO,CBO,W0_equal,default_4_to_1,NONE,50,10,44,20,20,20,400,0,420,35.31721698,24.28877269,56.35675310,1.02476401,42.19430486,27.48314576,56.94880873,1.18364177,1.12294593,50,42.88877244,13
smoke,E4_main,GTO,GTO,W0_equal,default_4_to_1,NONE,50,10,44,20,20,20,400,0,420,35.31721698,24.28877269,56.35675310,1.02476401,47.47493628,29.83556518,57.22269011,1.31162066,1.21697546,50,48.10985444,10
smoke,E4_main,LSCBO,LSCBO,W0_equal,default_4_to_1,LEVY,100,10,43,20,20,20,400,20,440,73.54317833,50.95691774,119.40474319,1.00564804,78.44286840,52.96920425,119.35209134,1.07419443,1.04345843,100,79.71355075,29
smoke,E4_main,CBO,CBO,W0_equal,default_4_to_1,NONE,100,10,43,20,20,20,400,0,420,73.54317833,50.95691774,119.40474319,1.00564804,94.83498350,60.63853327,120.86279727,1.24706991,1.18294686,100,97.57201320,22
smoke,E4_main,GTO,GTO,W0_equal,default_4_to_1,NONE,100,10,43,20,20,20,400,0,420,73.54317833,50.95691774,119.40474319,1.00564804,98.31363278,62.07006441,120.83056636,1.29391058,1.21337221,100,100.27694247,22
smoke,E4_main,LSCBO,LSCBO,W0_equal,default_4_to_1,LEVY,100,10,44,20,20,20,400,20,440,75.15959410,52.00080193,121.53384791,1.00934818,80.62971698,54.27473229,121.52433038,1.08308551,1.04737124,100,81.65823319,20
smoke,E4_main,CBO,CBO,W0_equal,default_4_to_1,NONE,100,10,44,20,20,20,400,0,420,75.15959410,52.00080193,121.53384791,1.00934818,109.14358539,67.69783435,124.30051279,1.36434896,1.28212414,100,111.53232831,23
smoke,E4_main,GTO,GTO,W0_equal,default_4_to_1,NONE,100,10,44,20,20,20,400,0,420,75.15959410,52.00080193,121.53384791,1.00934818,113.49581240,69.37706610,124.05895969,1.42737396,1.31978730,100,116.79735343,19
