Seed,LSCBO_Makespan,GWO_Makespan,LSCBO_Cost,GWO_Cost
1000,1565868753187.5354,1523792430938.8518,0.0000,0.0000
1007,1604891662044.9720,1375603741616.0234,0.0000,0.0000
1014,1699280896713.2344,1211335366027.2954,0.0000,0.0000
1021,1578762367436.9775,1686493862535.5383,0.0000,0.0000
1028,1687617317236.0690,2255671620614.1387,0.0000,0.0000
1035,1113289779885.0845,1724563872010.6396,0.0000,0.0000
1042,1612091935621.4424,1507156570475.8044,0.0000,0.0000
1049,1991883047874.7769,1897804765499.5945,0.0000,0.0000
1056,2207095238070.4673,1908678787012.5796,0.0000,0.0000
1063,1994554546345.1099,2155041005582.4832,0.0000,0.0000
1070,1466765791170.3890,2188244965668.6394,0.0000,0.0000
1077,1365117052940.0080,1480380059519.7780,0.0000,0.0000
1084,1691042455795.5503,2180813500802.6418,0.0000,0.0000
1091,1536949185916.1003,1635332035597.0142,0.0000,0.0000
1098,1826688988587.8730,1522530382130.3670,0.0000,0.0000
1105,1825862277188.8545,1563112215749.5590,0.0000,0.0000
1112,1925316176665.1100,1710719400720.6260,0.0000,0.0000
1119,1149872182831.2559,2367581828895.1245,0.0000,0.0000
1126,1946592985975.2888,2204020752117.9385,0.0000,0.0000
1133,1911544031366.5818,1478871623000.8728,0.0000,0.0000
1140,1695610876067.0664,1695610876067.0664,0.0000,0.0000
1147,1519243257560.6194,2075508428717.2192,0.0000,0.0000
1154,1651041714038.7615,1983274608514.7246,0.0000,0.0000
1161,1456398156155.4949,1579714653250.6223,0.0000,0.0000
1168,1589830589171.1382,1800862765893.7850,0.0000,0.0000
1175,1962983202530.7021,1175393944336.9304,0.0000,0.0000
1182,1532982110848.7673,1873420944470.5984,0.0000,0.0000
1189,1946539778167.5798,1470051822617.6252,0.0000,0.0000
1196,1806396820558.4204,1613830330114.2900,0.0000,0.0000
1203,1603113722772.9194,1422652186284.3162,0.0000,0.0000
1210,2256901373602.2250,1269161666452.3262,0.0000,0.0000
1217,1838583410127.6250,1792499765820.4030,0.0000,0.0000
1224,1913018685983.5122,1341784382446.1108,0.0000,0.0000
1231,1714408721250.1430,1272547665460.0369,0.0000,0.0000
1238,1692239046822.5310,1643345082774.5066,0.0000,0.0000
1245,1330068018139.4988,2240404774497.0483,0.0000,0.0000
1252,2075508405374.0764,1763970096597.8970,0.0000,0.0000
1259,1882029151341.1890,1599668855001.3135,0.0000,0.0000
1266,1459843482267.5630,1679008810906.8170,0.0000,0.0000
1273,1670400331690.1008,1719910122812.3552,0.0000,0.0000
1280,1830166761326.6150,1105574579077.9320,0.0000,0.0000
1287,1676899737051.0981,1549617796841.8064,0.0000,0.0000
1294,1830008029595.3950,1427412794928.7576,0.0000,0.0000
1301,1605942943295.9187,1371669367919.2520,0.0000,0.0000
1308,1604660040346.9255,1263937441063.3125,0.0000,0.0000
1315,2013001080612.5427,1550496492049.7234,0.0000,0.0000
1322,1725846683866.1157,1646155687917.4749,0.0000,0.0000
1329,1536671712904.9697,1567693736218.2183,0.0000,0.0000
1336,1579715060168.8042,1670506602425.2450,0.0000,0.0000
1343,1357401831860.9617,1344489439773.9220,0.0000,0.0000
1350,2005673918344.4450,1935524789835.0176,0.0000,0.0000
1357,1520103008600.4587,1843342597242.1548,0.0000,0.0000
1364,1411425566981.7173,1571138894847.8208,0.0000,0.0000
1371,1767043718251.2122,2102722152319.3862,0.0000,0.0000
1378,2168568656872.3335,2097485887556.2830,0.0000,0.0000
1385,1650459866790.4130,1648000179233.8574,0.0000,0.0000
1392,1743308321055.2834,1420034044821.6309,0.0000,0.0000
1399,1545471857257.4530,1584633631541.0198,0.0000,0.0000
1406,1743275366087.7454,1455856331707.1624,0.0000,0.0000
1413,2210995357212.9585,1436722103424.1997,0.0000,0.0000
1420,1907028001750.7651,1698388294158.7390,0.0000,0.0000
1427,2187015393802.0298,1485986019957.2588,0.0000,0.0000
1434,1517888887355.9482,2068341293229.2837,0.0000,0.0000
1441,1288288679355.1536,2012631210273.1802,0.0000,0.0000
1448,1878584868348.8503,1819310286932.9650,0.0000,0.0000
1455,2041232947686.6995,2009926631946.6472,0.0000,0.0000
1462,1391134214587.3748,1973892765077.5432,0.0000,0.0000
1469,1909698544774.0493,2219551581261.8150,0.0000,0.0000
1476,1872242492347.5266,1566186792089.8110,0.0000,0.0000
1483,1495507356851.2114,1453396831683.1904,0.0000,0.0000
1490,1370069394402.7373,1225200083999.7463,0.0000,0.0000
1497,1903180248465.5872,2559638824455.9220,0.0000,0.0000
1504,1769101577708.2570,1629923667125.2996,0.0000,0.0000
1511,1583085762173.4720,1355067070654.2554,0.0000,0.0000
1518,1446560958500.4353,1450990157429.6023,0.0000,0.0000
1525,1829360258620.5860,1811561597371.1094,0.0000,0.0000
1532,1707644767900.7412,1534245638800.0059,0.0000,0.0000
1539,1660053426211.9016,1744538402260.2622,0.0000,0.0000
1546,1515150462817.3643,1703307787649.8430,0.0000,0.0000
1553,1640252061565.3428,1590815446579.5383,0.0000,0.0000
1560,1473953152609.5950,1400813884977.7112,0.0000,0.0000
1567,1494521455730.2168,2650642777545.7170,0.0000,0.0000
1574,2217145051359.1880,1446561105012.9092,0.0000,0.0000
1581,1560316298476.0125,1843291118237.2188,0.0000,0.0000
1588,1609262162583.9370,1321248160273.3438,0.0000,0.0000
1595,1479678525484.9434,1493907392136.0290,0.0000,0.0000
1602,1532664619991.4285,2055831819695.3516,0.0000,0.0000
1609,2240914275166.5815,1961911973107.6530,0.0000,0.0000
1616,1757820357576.7607,1394050057161.4773,0.0000,0.0000
1623,1922400440322.7640,1696278913094.8218,0.0000,0.0000
1630,2569424768908.9004,1770363545092.1690,0.0000,0.0000
1637,1205214943897.1199,1454276714694.3965,0.0000,0.0000
1644,2477032526861.5996,1637547184673.8132,0.0000,0.0000
1651,1532367334076.2560,1264678354655.0840,0.0000,0.0000
1658,1431491641879.1610,1772208269695.1584,0.0000,0.0000
1665,1578887980687.0540,1753146905019.6680,0.0000,0.0000
1672,1914618570912.9822,1914618570912.9822,0.0000,0.0000
1679,2086120092777.7834,1688126804926.3052,0.0000,0.0000
1686,1696332116077.8064,1210745039601.9329,0.0000,0.0000
1693,1270424887077.5757,1881976049159.5981,0.0000,0.0000
